Division,Season,Team,Club,No,Player,Role,Born,Height,Born Place,Nat. Sport.,Note1,Note2
SuperLega,2025/2026,Allianz Milano,Milano,3,RECINE Francesco,Spiker,1999,185,RA,ITA,-,-
SuperLega,2025/2026,Allianz Milano,Milano,4,ICHINO Tommaso,Spiker,2004,202,TO,ITA,-,-
SuperLega,2025/2026,Allianz Milano,Milano,5,CATANIA Damiano,Libero,2001,180,CT,ITA,-,-
SuperLega,2025/2026,Allianz Milano,Milano,6,MASAJEDI Karen,Spiker,2007,205,JPN,JPN,from 22/12/2025,-
SuperLega,2025/2026,Allianz Milano,Milano,7,REGGERS Ferre,Diagonto,2003,203,BEL,BEL,-,-
SuperLega,2025/2026,Allianz Milano,Milano,8,MASULOVIC Nemanja,Middleblocker,1995,205,SRB,SRB,from 25/08/2025,-
SuperLega,2025/2026,Allianz Milano,Milano,9,BARBANTI Leonardo,Setter,2006,185,MO,ITA,-,-
SuperLega,2025/2026,Allianz Milano,Milano,10,LINDQVIST Veikka,Diagonto,2003,205,FIN,FIN,-,-
SuperLega,2025/2026,Allianz Milano,Milano,12,ROTTY Seppe,Spiker,2001,190,BEL,BEL,-,-
SuperLega,2025/2026,Allianz Milano,Milano,13,BENACCHIO Alessandro,Middleblocker,2007,201,VI,ITA,-,-
SuperLega,2025/2026,Allianz Milano,Milano,14,KRELING Fernando,Setter,1996,185,BRA,BRA,-,-
SuperLega,2025/2026,Allianz Milano,Milano,15,OTSUKA Tatsunori,Spiker,2000,195,JPN,JPN,-,-
SuperLega,2025/2026,Allianz Milano,Milano,16,DI MARTINO Gabriele,Middleblocker,1997,199,RM,ITA,-,-
SuperLega,2025/2026,Allianz Milano,Milano,17,CORBETTA Jacopo,Libero,2007,180,LC,ITA,from 15/12/2025,-
SuperLega,2025/2026,Allianz Milano,Milano,18,CANESCHI Edoardo,Middleblocker,1997,205,AR,ITA,-,-
SuperLega,2025/2026,Allianz Milano,Milano,2,STAFORINI Matteo,Libero,2003,193,BG,ITA,until 15/12/2025,-
SuperLega,2025/2026,Cisterna Volley,Cisterna,1,CURRIE Landon,Libero,1999,175,CAN,CAN,-,-
SuperLega,2025/2026,Cisterna Volley,Cisterna,4,FINAURI Alessandro,Libero,2004,185,RM,ITA,-,-
SuperLega,2025/2026,Cisterna Volley,Cisterna,7,BAROTTO Tommaso,Diagonto,2005,212,RO,ITA,-,-
SuperLega,2025/2026,Cisterna Volley,Cisterna,8,PLAK Fabian,Middleblocker,1997,198,NED,NED,-,-
SuperLega,2025/2026,Cisterna Volley,Cisterna,9,TARUMI Yuga,Spiker,2000,187,JPN,JPN,-,-
SuperLega,2025/2026,Cisterna Volley,Cisterna,11,FANIZZA Alessandro,Setter,2004,192,BR,ITA,-,-
SuperLega,2025/2026,Cisterna Volley,Cisterna,12,DIAMANTINI Enrico,Middleblocker,1993,204,PU,ITA,-,-
SuperLega,2025/2026,Cisterna Volley,Cisterna,16,SALSI Nicola,Setter,1997,186,RE,ITA,-,-
SuperLega,2025/2026,Cisterna Volley,Cisterna,18,MAZZONE Daniele,Middleblocker,1992,209,TO,ITA,-,-
SuperLega,2025/2026,Cisterna Volley,Cisterna,19,GUZZO Tommaso,Diagonto,2002,198,PD,ITA,-,-
SuperLega,2025/2026,Cisterna Volley,Cisterna,20,BAYRAM Efe,Spiker,2002,194,TUR,TUR,-,-
SuperLega,2025/2026,Cisterna Volley,Cisterna,24,TOSTI Jacopo,Middleblocker,2008,202,RM,ITA,-,-
SuperLega,2025/2026,Cisterna Volley,Cisterna,99,MUNIZ DE OLIVEIRA Daniel,Spiker,1997,194,BRA,BRA,-,-
SuperLega,2025/2026,Cisterna Volley,Cisterna,10,LANZA Filippo,Spiker,1991,198,VR,ITA,until 16/02/2026,-
SuperLega,2025/2026,Cucine Lube Civitanova,Lube,2,D'HEER Wout,Middleblocker,2001,203,BEL,BEL,-,-
SuperLega,2025/2026,Cucine Lube Civitanova,Lube,3,GARGIULO Giovanni Maria,Middleblocker,1999,208,NA,ITA,-,-
SuperLega,2025/2026,Cucine Lube Civitanova,Lube,4,LOEPPKY Eric,Spiker,1998,197,CAN,CAN,-,-
SuperLega,2025/2026,Cucine Lube Civitanova,Lube,5,ORDUNA Santiago,Setter,1983,183,ARG,ITA,-,-
SuperLega,2025/2026,Cucine Lube Civitanova,Lube,6,BISOTTO Francesco,Libero,2002,180,CN,ITA,-,-
SuperLega,2025/2026,Cucine Lube Civitanova,Lube,7,BALASO Fabio,Libero,1995,185,PD,ITA,-,-
SuperLega,2025/2026,Cucine Lube Civitanova,Lube,8,BONINFANTE Mattia,Setter,2004,190,VE,ITA,-,-
SuperLega,2025/2026,Cucine Lube Civitanova,Lube,11,NIKOLOV Aleksandar,Spiker,2003,206,FRA,BUL,-,-
SuperLega,2025/2026,Cucine Lube Civitanova,Lube,13,HFAIEDH Hamza,Spiker,2002,194,GRE,TUN,from 05/03/2026,-
SuperLega,2025/2026,Cucine Lube Civitanova,Lube,16,KUKARTSEV Pablo,Diagonto,1993,203,ARG,ARG,-,-
SuperLega,2025/2026,Cucine Lube Civitanova,Lube,18,PODRASCANIN Marko,Middleblocker,1987,203,SRB,ITA,-,-
SuperLega,2025/2026,Cucine Lube Civitanova,Lube,21,BOTTOLO Mattia,Spiker,2000,196,VI,ITA,-,-
SuperLega,2025/2026,Cucine Lube Civitanova,Lube,22,DUFLOS-ROSSI Noa,Spiker,2007,198,FRA,FRA,-,-
SuperLega,2025/2026,Cucine Lube Civitanova,Lube,24,TENORIO Davi,Middleblocker,2005,213,BRA,ESP,-,-
SuperLega,2025/2026,Cucine Lube Civitanova,Lube,9,HOSSEIN KHANZADEH Poriya,Spiker,2004,199,IRI,IRI,until 20/01/2026,-
SuperLega,2025/2026,Gas Sales Bluenergy Piacenza,Piacenza,5,PORRO Paolo,Setter,2001,185,GE,ITA,-,-
SuperLega,2025/2026,Gas Sales Bluenergy Piacenza,Piacenza,6,LEON Henri Emmanuel,Diagonto,2003,204,FRA,FRA,-,-
SuperLega,2025/2026,Gas Sales Bluenergy Piacenza,Piacenza,8,PACE Domenico,Libero,2000,180,BA,ITA,-,-
SuperLega,2025/2026,Gas Sales Bluenergy Piacenza,Piacenza,9,MANDIRACI Ramazan Efe,Spiker,2002,203,TUR,TUR,-,-
SuperLega,2025/2026,Gas Sales Bluenergy Piacenza,Piacenza,10,COMPARONI Francesco,Middleblocker,2001,204,PR,ITA,-,-
SuperLega,2025/2026,Gas Sales Bluenergy Piacenza,Piacenza,12,GALASSI Gianluca,Middleblocker,1997,201,TN,ITA,-,-
SuperLega,2025/2026,Gas Sales Bluenergy Piacenza,Piacenza,13,SIMON Robertlandy,Middleblocker,1987,208,CUB,CUB,-,-
SuperLega,2025/2026,Gas Sales Bluenergy Piacenza,Piacenza,14,TRAVICA Dragan,Setter,1986,200,CRO,ITA,-,-
SuperLega,2025/2026,Gas Sales Bluenergy Piacenza,Piacenza,15,ANDRINGA Robbert,Spiker,1990,191,NED,NED,-,-
SuperLega,2025/2026,Gas Sales Bluenergy Piacenza,Piacenza,20,BERGMANN Lukas Felipe,Spiker,2004,204,GER,BRA,-,-
SuperLega,2025/2026,Gas Sales Bluenergy Piacenza,Piacenza,21,IYEGBEKEDO Daniel,Middleblocker,2007,208,FRA,FRA,from 12/01/2026,-
SuperLega,2025/2026,Gas Sales Bluenergy Piacenza,Piacenza,22,GUTIERREZ Josè Miguel,Spiker,2001,194,CUB,CUB,-,-
SuperLega,2025/2026,Gas Sales Bluenergy Piacenza,Piacenza,23,BOVOLENTA Alessandro,Diagonto,2004,207,RM,ITA,-,-
SuperLega,2025/2026,Gas Sales Bluenergy Piacenza,Piacenza,27,LORETI Luca,Libero,2005,190,RM,ITA,-,-
SuperLega,2025/2026,Gas Sales Bluenergy Piacenza,Piacenza,31,SEDDIK Joris,Middleblocker,2006,212,FRA,FRA,-,-
SuperLega,2025/2026,Itas Trentino,Trento ,2,BRISTOT Alessandro,Spiker,2005,196,BL,ITA,-,-
SuperLega,2025/2026,Itas Trentino,Trento ,3,PESARESI Nicola,Libero,1991,190,AN,ITA,-,-
SuperLega,2025/2026,Itas Trentino,Trento ,5,MICHIELETTO Alessandro,Spiker,2001,211,BS,ITA,-,-
SuperLega,2025/2026,Itas Trentino,Trento ,6,SBERTOLI Riccardo,Setter,1998,190,MI,ITA,-,-
SuperLega,2025/2026,Itas Trentino,Trento ,7,RAMON Jordi,Spiker,1999,195,ESP,ESP,-,-
SuperLega,2025/2026,Itas Trentino,Trento ,10,GARCIA FERNANDEZ Gabi,Diagonto,1999,200,PUR,USA,-,-
SuperLega,2025/2026,Itas Trentino,Trento ,11,FAURE Theo,Diagonto,1999,202,FRA,FRA,-,-
SuperLega,2025/2026,Itas Trentino,Trento ,12,GIANI Andrea,Spiker,2007,194,CH,ITA,-,-
SuperLega,2025/2026,Itas Trentino,Trento ,13,LAURENZANO Gabriele,Libero,2003,177,CS,ITA,-,-
SuperLega,2025/2026,Itas Trentino,Trento ,15,LAVIA Daniele,Spiker,1999,200,CS,ITA,-,-
SuperLega,2025/2026,Itas Trentino,Trento ,17,SANDU Leonardo Gabriel,Middleblocker,2007,202,VT,ITA,-,-
SuperLega,2025/2026,Itas Trentino,Trento ,22,BARTHA Bela,Middleblocker,2000,206,ROU,ROU,-,-
SuperLega,2025/2026,Itas Trentino,Trento ,23,RESENDE GUALBERTO Flavio,Middleblocker,1993,200,BRA,BRA,-,-
SuperLega,2025/2026,Itas Trentino,Trento ,26,ACQUARONE Alessandro,Setter,1999,183,IM,ITA,-,-
SuperLega,2025/2026,Itas Trentino,Trento ,33,TORWIE Simon Valentin,Middleblocker,2001,208,ESP,GER,-,-
SuperLega,2025/2026,MA Acqua S.Bernardo Cuneo,Cuneo,1,COPELLI Riccardo,Middleblocker,1996,198,CR,ITA,-,-
SuperLega,2025/2026,MA Acqua S.Bernardo Cuneo,Cuneo,2,CODARIN Lorenzo,Middleblocker,1996,200,UD,ITA,-,-
SuperLega,2025/2026,MA Acqua S.Bernardo Cuneo,Cuneo,3,CAVACCINI Domenico,Libero,1987,178,SA,ITA,-,-
SuperLega,2025/2026,MA Acqua S.Bernardo Cuneo,Cuneo,4,BONOMI Matteo,Setter,2006,182,BS,ITA,-,-
SuperLega,2025/2026,MA Acqua S.Bernardo Cuneo,Cuneo,8,OBERTO Simone,Libero,2002,187,CN,ITA,-,-
SuperLega,2025/2026,MA Acqua S.Bernardo Cuneo,Cuneo,9,ZAYTSEV Ivan,Spiker,1988,204,PG,ITA,-,-
SuperLega,2025/2026,MA Acqua S.Bernardo Cuneo,Cuneo,10,STREHLAU Alexandre,Spiker,2004,200,FRA,FRA,from 31/12/2025,-
SuperLega,2025/2026,MA Acqua S.Bernardo Cuneo,Cuneo,11,GIRAUDO Federico,Spiker,2007,198,CN,ITA,-,-
SuperLega,2025/2026,MA Acqua S.Bernardo Cuneo,Cuneo,12,SALA Lorenzo,Diagonto,2002,200,TN,ITA,-,-
SuperLega,2025/2026,MA Acqua S.Bernardo Cuneo,Cuneo,14,COLASANTI Giulio,Middleblocker,2006,195,RM,ITA,-,-
SuperLega,2025/2026,MA Acqua S.Bernardo Cuneo,Cuneo,15,STEFANOVIC Aleksandar,Middleblocker,1998,200,SRB,SRB,-,-
SuperLega,2025/2026,MA Acqua S.Bernardo Cuneo,Cuneo,17,BARANOWICZ Michele,Setter,1989,196,CN,ITA,-,-
SuperLega,2025/2026,MA Acqua S.Bernardo Cuneo,Cuneo,18,FERAL Nathan,Diagonto,2003,197,FRA,FRA,-,-
SuperLega,2025/2026,MA Acqua S.Bernardo Cuneo,Cuneo,77,CATTANEO Claudio,Spiker,1997,192,SV,ITA,-,-
SuperLega,2025/2026,MA Acqua S.Bernardo Cuneo,Cuneo,7,SEDLACEK Marko,Spiker,1996,202,CRO,CRO,until 21/01/2026,-
SuperLega,2025/2026,MA Acqua S.Bernardo Cuneo,Cuneo,11,GERGYE Roland,Spiker,1993,198,HUN,HUN,until 01/09/2025,-
SuperLega,2025/2026,Rana Verona,Verona,1,ZINGEL Aidan,Middleblocker,1990,207,AUS,ITA,-,-
SuperLega,2025/2026,Rana Verona,Verona,2,CORTESIA Lorenzo,Middleblocker,1999,202,TV,ITA,-,-
SuperLega,2025/2026,Rana Verona,Verona,3,VALBUSA Marco,Middleblocker,2005,202,VR,ITA,-,-
SuperLega,2025/2026,Rana Verona,Verona,4,GIRONI Fabrizio,Diagonto,2000,206,MB,ITA,-,-
SuperLega,2025/2026,Rana Verona,Verona,5,PLANINSIC Uros,Setter,1998,186,SLO,SLO,-,-
SuperLega,2025/2026,Rana Verona,Verona,6,D'AMICO Francesco,Libero,1999,179,BR,ITA,-,-
SuperLega,2025/2026,Rana Verona,Verona,7,STAFORINI Matteo,Libero,2003,193,BG,ITA,from 15/12/2025,-
SuperLega,2025/2026,Rana Verona,Verona,9,KEITA Noumory,Spiker,2001,206,MLI,MLI,-,-
SuperLega,2025/2026,Rana Verona,Verona,10,SANI Francesco,Spiker,2002,203,USA,ITA,-,-
SuperLega,2025/2026,Rana Verona,Verona,11,CHRISTENSON Micah,Setter,1993,198,USA,USA,-,-
SuperLega,2025/2026,Rana Verona,Verona,15,BONISOLI Pietro,Libero,2005,182,BS,ITA,-,-
SuperLega,2025/2026,Rana Verona,Verona,16,GLATZ Lukas,Spiker,2005,195,AUT,AUT,-,-
SuperLega,2025/2026,Rana Verona,Verona,17,VITELLI Marco,Middleblocker,1996,203,CH,ITA,-,-
SuperLega,2025/2026,Rana Verona,Verona,18,FERREIRA SOUZA Darlan,Diagonto,2002,192,BRA,BRA,-,-
SuperLega,2025/2026,Rana Verona,Verona,19,MOZIC Rok,Spiker,2002,200,SLO,SLO,-,-
SuperLega,2025/2026,Rana Verona,Verona,29,NEDELJKOVIC Aleksandar,Middleblocker,1997,205,SRB,SRB,from 12/12/2025,-
SuperLega,2025/2026,Sir Susa Scai Perugia,Perugia,2,ARGILAGOS Bryan,Setter,2007,199,VE,ITA,-,-
SuperLega,2025/2026,Sir Susa Scai Perugia,Perugia,4,DZAVORONOK Donovan,Spiker,1997,202,CZE,CZE,-,-
SuperLega,2025/2026,Sir Susa Scai Perugia,Perugia,5,CVANCIGER Gabrijel,Diagonto,2003,201,CRO,CRO,-,-
SuperLega,2025/2026,Sir Susa Scai Perugia,Perugia,6,GIANNELLI Simone,Setter,1996,200,BZ,ITA,-,-
SuperLega,2025/2026,Sir Susa Scai Perugia,Perugia,8,LOSER Agustin,Middleblocker,1997,201,ARG,ARG,-,-
SuperLega,2025/2026,Sir Susa Scai Perugia,Perugia,10,BEN TARA Wassim,Diagonto,1996,203,TUN,POL,-,-
SuperLega,2025/2026,Sir Susa Scai Perugia,Perugia,11,SOLÉ Sebastian,Middleblocker,1991,202,ARG,ITA,-,-
SuperLega,2025/2026,Sir Susa Scai Perugia,Perugia,13,COLACI Massimo,Libero,1985,180,LE,ITA,-,-
SuperLega,2025/2026,Sir Susa Scai Perugia,Perugia,14,ISHIKAWA Yuki,Spiker,1995,192,JPN,JPN,-,-
SuperLega,2025/2026,Sir Susa Scai Perugia,Perugia,16,SEMENIUK Kamil,Spiker,1996,194,POL,POL,-,-
SuperLega,2025/2026,Sir Susa Scai Perugia,Perugia,17,PLOTNYTSKYI Oleh,Spiker,1997,194,UKR,UKR,-,-
SuperLega,2025/2026,Sir Susa Scai Perugia,Perugia,19,RUSSO Roberto,Middleblocker,1997,205,PA,ITA,-,-
SuperLega,2025/2026,Sir Susa Scai Perugia,Perugia,20,GAGGINI Marco,Libero,2002,184,VA,ITA,-,-
SuperLega,2025/2026,Sir Susa Scai Perugia,Perugia,22,CROSATO Federico,Middleblocker,2002,202,TV,ITA,-,-
SuperLega,2025/2026,Sonepar Padova,Padova,1,GARDINI Davide,Spiker,1999,205,TV,ITA,-,-
SuperLega,2025/2026,Sonepar Padova,Padova,3,ZOPPELLARI Francesco,Setter,1997,185,PD,ITA,-,-
SuperLega,2025/2026,Sonepar Padova,Padova,4,DIEZ Benjamin,Libero,1998,183,FRA,FRA,-,-
SuperLega,2025/2026,Sonepar Padova,Padova,5,STEFANI Tommaso,Diagonto,2001,210,FI,ITA,-,-
SuperLega,2025/2026,Sonepar Padova,Padova,7,POLO Alberto,Middleblocker,1995,202,VI,ITA,-,-
SuperLega,2025/2026,Sonepar Padova,Padova,8,NACHEV Boris Biserov,Middleblocker,2004,202,BUL,BUL,-,-
SuperLega,2025/2026,Sonepar Padova,Padova,9,TOSCANI Alessandro,Libero,1998,183,CH,ITA,-,-
SuperLega,2025/2026,Sonepar Padova,Padova,10,TODOROVIC Vuk,Setter,1998,190,SRB,SRB,-,-
SuperLega,2025/2026,Sonepar Padova,Padova,12,BERGAMASCO Francesco,Spiker,2005,193,PD,ITA,-,-
SuperLega,2025/2026,Sonepar Padova,Padova,14,ORIOLI Mattia,Spiker,2004,200,FC,ITA,-,-
SuperLega,2025/2026,Sonepar Padova,Padova,18,TRUOCCHIO Andrea,Middleblocker,2000,207,PT,ITA,-,-
SuperLega,2025/2026,Sonepar Padova,Padova,20,MC RAVEN DiAeris Taila,Middleblocker,2002,195,USA,USA,-,-
SuperLega,2025/2026,Sonepar Padova,Padova,22,MASULOVIC Veljko,Diagonto,2002,203,SRB,SRB,-,-
SuperLega,2025/2026,Sonepar Padova,Padova,24,HELD Tim,Spiker,1998,194,MC,ITA,-,-
SuperLega,2025/2026,Valsa Group Modena,Modena,3,MASSARI Jacopo,Spiker,1988,185,PR,ITA,-,-
SuperLega,2025/2026,Valsa Group Modena,Modena,4,PERRY Luke,Libero,1995,180,AUS,AUS,-,-
SuperLega,2025/2026,Valsa Group Modena,Modena,5,MATI Pardo,Middleblocker,2006,203,GR,ITA,-,-
SuperLega,2025/2026,Valsa Group Modena,Modena,6,SANGUINETTI Giovanni,Middleblocker,2000,202,BO,ITA,-,-
SuperLega,2025/2026,Valsa Group Modena,Modena,7,FEDERICI Filippo,Libero,2000,182,AN,ITA,-,-
SuperLega,2025/2026,Valsa Group Modena,Modena,8,TIZI-OUALOU Amir,Setter,2005,202,FRA,FRA,-,-
SuperLega,2025/2026,Valsa Group Modena,Modena,9,DAVYSKIBA Vlad,Spiker,2001,197,BLR,BLR,-,-
SuperLega,2025/2026,Valsa Group Modena,Modena,10,TAULETTA Luca,Middleblocker,2003,201,MO,ITA,-,-
SuperLega,2025/2026,Valsa Group Modena,Modena,11,PORRO Luca,Spiker,2004,194,GE,ITA,-,-
SuperLega,2025/2026,Valsa Group Modena,Modena,17,ANZANI Simone,Middleblocker,1992,203,CO,ITA,-,-
SuperLega,2025/2026,Valsa Group Modena,Modena,19,BUCHEGGER Paul,Diagonto,1996,204,AUT,AUT,-,-
SuperLega,2025/2026,Valsa Group Modena,Modena,20,BENTO Arthur,Spiker,2004,205,BRA,BRA,-,-
SuperLega,2025/2026,Valsa Group Modena,Modena,24,IKHBAYRI Ahmed,Diagonto,1996,200,LBA,LBA,-,-
SuperLega,2025/2026,Valsa Group Modena,Modena,77,GIRAUDO Matias,Setter,1998,202,ARG,ITA,-,-
SuperLega,2025/2026,Vero Volley Monza,Monza,1,VELICHKOV Zhasmin,Spiker,2007,203,BUL,BUL,-,-
SuperLega,2025/2026,Vero Volley Monza,Monza,2,FRASCIO Diego,Diagonto,2006,195,RN,ITA,-,-
SuperLega,2025/2026,Vero Volley Monza,Monza,5,MAPELLI Nicolò,Diagonto,2008,196,TO,ITA,-,-
SuperLega,2025/2026,Vero Volley Monza,Monza,6,ROHRS Erik,Spiker,2001,201,GER,GER,-,-
SuperLega,2025/2026,Vero Volley Monza,Monza,8,CIAMPI Lorenzo,Middleblocker,2007,195,PI,ITA,-,-
SuperLega,2025/2026,Vero Volley Monza,Monza,9,KNIPE Aidan,Setter,2001,188,USA,USA,-,-
SuperLega,2025/2026,Vero Volley Monza,Monza,10,SCANFERLA Leonardo,Libero,1998,184,PD,ITA,-,-
SuperLega,2025/2026,Vero Volley Monza,Monza,11,LARIZZA Jacopo,Middleblocker,1998,204,MC,ITA,-,-
SuperLega,2025/2026,Vero Volley Monza,Monza,13,BERETTA Thomas,Middleblocker,1990,205,MI,ITA,-,-
SuperLega,2025/2026,Vero Volley Monza,Monza,17,ZIMMERMANN Jan,Setter,1993,190,GER,GER,-,-
SuperLega,2025/2026,Vero Volley Monza,Monza,18,MOSCA Leandro,Middleblocker,2000,209,MC,ITA,-,-
SuperLega,2025/2026,Vero Volley Monza,Monza,29,PISONI Alessandro,Libero,2004,184,BG,ITA,-,-
SuperLega,2025/2026,Vero Volley Monza,Monza,4,ATANASOV Martin,Spiker,1996,199,BUL,BUL,from 11/09/2025 to 26/03/2026,-
SuperLega,2025/2026,Vero Volley Monza,Monza,14,PADAR Krisztian,Diagonto,1996,199,HUN,HUN,until 04/02/2026,-
SuperLega,2025/2026,Vero Volley Monza,Monza,7,MARTTILA Luka,Spiker,2003,197,FIN,FIN,until 02/01/2026,-
SuperLega,2025/2026,Vero Volley Monza,Monza,5,HOFER Brodie,Spiker,2000,200,CAN,CAN,until 11/08/2025,-
SuperLega,2025/2026,Yuasa Battery Grottazzolina,Grottazzolina,2,MAGALINI Giulio,Spiker,2001,196,VR,ITA,-,-
SuperLega,2025/2026,Yuasa Battery Grottazzolina,Grottazzolina,3,CUBITO Marco,Middleblocker,1992,202,ME,ITA,-,-
SuperLega,2025/2026,Yuasa Battery Grottazzolina,Grottazzolina,4,VECCHI Riccardo,Libero,1996,185,FM,ITA,-,-
SuperLega,2025/2026,Yuasa Battery Grottazzolina,Grottazzolina,5,FALASCHI Marco,Setter,1987,188,PI,ITA,-,-
SuperLega,2025/2026,Yuasa Battery Grottazzolina,Grottazzolina,7,STANKOVIC Dragan,Middleblocker,1985,205,SRB,ITA,-,-
SuperLega,2025/2026,Yuasa Battery Grottazzolina,Grottazzolina,8,PELLACANI Marco,Middleblocker,2004,210,UD,ITA,-,-
SuperLega,2025/2026,Yuasa Battery Grottazzolina,Grottazzolina,9,PETKOV Iliya,Middleblocker,1996,202,BUL,BUL,-,-
SuperLega,2025/2026,Yuasa Battery Grottazzolina,Grottazzolina,13,FEDRIZZI Michele,Spiker,1991,192,TN,ITA,-,-
SuperLega,2025/2026,Yuasa Battery Grottazzolina,Grottazzolina,15,MARCHIANI Manuele,Setter,1989,185,AN,ITA,-,-
SuperLega,2025/2026,Yuasa Battery Grottazzolina,Grottazzolina,18,KOPRIVICA Lazar,Spiker,1991,200,SRB,SRB,-,-
SuperLega,2025/2026,Yuasa Battery Grottazzolina,Grottazzolina,44,MARCHISIO Andrea,Libero,1990,186,CN,ITA,-,-
SuperLega,2025/2026,Yuasa Battery Grottazzolina,Grottazzolina,21,TATAROV Georgi,Spiker,2003,200,BUL,BUL,until 24/02/2026,-
SuperLega,2025/2026,Yuasa Battery Grottazzolina,Grottazzolina,1,GOLZADEH Amir Mohammad,Diagonto,2003,203,IRI,IRI,until 04/02/2026,-
SuperLega,2025/2026,Yuasa Battery Grottazzolina,Grottazzolina,12,PETKOVIC Dusan,Diagonto,1992,199,SRB,SRB,until 01/01/2026,-
A2,2025/2026,Abba Pineto,Pineto,1,ZAMAGNI Matteo,Middleblocker,1989,195,FC,ITA,-,-
A2,2025/2026,Abba Pineto,Pineto,2,TRILLINI Stefano,Middleblocker,1999,190,MC,ITA,-,-
A2,2025/2026,Abba Pineto,Pineto,3,CATONE Mattia,Setter,2001,180,TE,ITA,-,-
A2,2025/2026,Abba Pineto,Pineto,4,MORAZZINI Flavio,Libero,2005,187,RM,ITA,-,-
A2,2025/2026,Abba Pineto,Pineto,5,SCHIANCHI Leonardo,Spiker,2006,190,PR,ITA,-,-
A2,2025/2026,Abba Pineto,Pineto,6,LARIZZA Tommaso,Setter,1999,193,MC,ITA,-,-
A2,2025/2026,Abba Pineto,Pineto,7,RASCATO Ernesto,Middleblocker,2004,202,NA,ITA,-,-
A2,2025/2026,Abba Pineto,Pineto,8,KRAUCHUK ESQUIVEL Matheus,Diagonto,1997,201,BRA,BRA,-,-
A2,2025/2026,Abba Pineto,Pineto,9,DI SILVESTRE Paolo Luigi,Spiker,1998,195,PE,ITA,-,-
A2,2025/2026,Abba Pineto,Pineto,10,PESARE Giancarlo,Libero,1995,178,CH,ITA,-,-
A2,2025/2026,Abba Pineto,Pineto,11,CASTAGNERI Andrea,Diagonto,2006,200,TO,ITA,-,-
A2,2025/2026,Abba Pineto,Pineto,17,SURACI Antonino,Spiker,1996,200,VA,ITA,-,-
A2,2025/2026,Abba Pineto,Pineto,24,ALLIK Karli,Spiker,1996,192,EST,EST,-,-
A2,2025/2026,Abba Pineto,Pineto,33,CALONICO Lorenzo,Middleblocker,1981,202,AQ,ITA,-,-
A2,2025/2026,Alva Inox 2 Emme Service Porto Viro,Porto Viro,1,ERATI Alex,Middleblocker,1994,202,MI,ITA,-,-
A2,2025/2026,Alva Inox 3 Emme Service Porto Viro,Porto Viro,3,MAGHENZANI Nicolò,Spiker,2007,189,RO,ITA,-,-
A2,2025/2026,Alva Inox 4 Emme Service Porto Viro,Porto Viro,4,ZONTA Nicola,Setter,2000,186,UD,ITA,-,-
A2,2025/2026,Alva Inox 5 Emme Service Porto Viro,Porto Viro,5,MAGLIANO Lorenzo,Spiker,2005,201,TO,ITA,-,-
A2,2025/2026,Alva Inox 6 Emme Service Porto Viro,Porto Viro,6,FERREIRA SILVA Pedro Henrique,Spiker,1996,200,BRA,BRA,-,-
A2,2025/2026,Alva Inox 7 Emme Service Porto Viro,Porto Viro,7,BRONDOLO Giacomo,Diagonto,2005,193,RE,ITA,-,-
A2,2025/2026,Alva Inox 8 Emme Service Porto Viro,Porto Viro,8,LAMPRECHT Egon,Libero,1980,185,BZ,ITA,-,-
A2,2025/2026,Alva Inox 9 Emme Service Porto Viro,Porto Viro,9,SPERANDIO Matteo,Middleblocker,1992,200,TV,ITA,-,-
A2,2025/2026,Alva Inox 10 Emme Service Porto Viro,Porto Viro,13,KLOBUCAR Jan,Spiker,1992,195,SLO,SLO,from 10/01/2026,-
A2,2025/2026,Alva Inox 11 Emme Service Porto Viro,Porto Viro,14,MAZZON Nicola,Setter,2003,203,VE,ITA,-,-
A2,2025/2026,Alva Inox 12 Emme Service Porto Viro,Porto Viro,16,MORGESE Davide,Libero,1996,172,RE,ITA,-,-
A2,2025/2026,Alva Inox 13 Emme Service Porto Viro,Porto Viro,17,ECCHER Mattia,Middleblocker,2003,201,MB,ITA,-,-
A2,2025/2026,Alva Inox 14 Emme Service Porto Viro,Porto Viro,18,CHILOIRO Gabriele,Spiker,2004,203,MI,ITA,-,-
A2,2025/2026,Alva Inox 15 Emme Service Porto Viro,Porto Viro,23,PINALI Giulio,Diagonto,1997,198,BO,ITA,-,-
A2,2025/2026,Alva Inox 16 Emme Service Porto Viro,Porto Viro,45,MILAN Jacopo,Middleblocker,2005,195,RO,ITA,-,-
A2,2025/2026,Banca Macerata Fisiomed MC,Macerata,1,FABI Tommaso,Middleblocker,1996,200,MC,ITA,-,-
A2,2025/2026,Banca Macerata Fisiomed MC,Macerata,5,NOVELLO Marco,Diagonto,2002,198,TV,ITA,-,-
A2,2025/2026,Banca Macerata Fisiomed MC,Macerata,7,PEDRON Matteo,Setter,1992,189,PD,ITA,-,-
A2,2025/2026,Banca Macerata Fisiomed MC,Macerata,8,GARELLO Nicolò,Spiker,2007,194,CN,ITA,-,-
A2,2025/2026,Banca Macerata Fisiomed MC,Macerata,10,FALL Bara,Middleblocker,1997,201,SEN,ITA,-,-
A2,2025/2026,Banca Macerata Fisiomed MC,Macerata,12,DIAFERIA Davide,Diagonto,2004,200,NA,ITA,-,-
A2,2025/2026,Banca Macerata Fisiomed MC,Macerata,13,AMBROSE Ionut,Middleblocker,2004,210,MC,ITA,-,-
A2,2025/2026,Banca Macerata Fisiomed MC,Macerata,15,ZHELEV Rusi,Spiker,2001,200,BUL,BUL,-,-
A2,2025/2026,Banca Macerata Fisiomed MC,Macerata,17,GABBANELLI Simone,Libero,1991,180,AN,ITA,-,-
A2,2025/2026,Banca Macerata Fisiomed MC,Macerata,18,KARYAGIN Denis,Spiker,2002,202,BUL,BUL,-,-
A2,2025/2026,Banca Macerata Fisiomed MC,Macerata,22,DOLCINI Diego,Libero,2007,187,AN,ITA,-,-
A2,2025/2026,Banca Macerata Fisiomed MC,Macerata,27,TALEVI Alessandro,Spiker,2006,200,AN,ITA,-,-
A2,2025/2026,Banca Macerata Fisiomed MC,Macerata,31,BECCHIO Alessandro,Setter,2005,188,CN,ITA,-,-
A2,2025/2026,Banca Macerata Fisiomed MC,Macerata,88,MACCARONE Graziano,Middleblocker,1996,200,VV,ITA,from 09/01/2026,-
A2,2025/2026,Campi Reali Cantù,Cantù,1,MESCHIARI Matteo,Spiker,2002,201,MO,ITA,-,-
A2,2025/2026,Campi Reali Cantù,Cantù,4,BUTTI Luca,Libero,1991,184,CO,ITA,-,-
A2,2025/2026,Campi Reali Cantù,Cantù,5,PERTOLDI Gabriele,Spiker,2006,195,UD,ITA,-,-
A2,2025/2026,Campi Reali Cantù,Cantù,7,MARTINELLI Luca,Setter,1998,180,VR,ITA,-,-
A2,2025/2026,Campi Reali Cantù,Cantù,9,PENNA Gaetano,Diagonto,2004,206,AV,ITA,-,-
A2,2025/2026,Campi Reali Cantù,Cantù,10,QUAGLIOZZI Francesco,Diagonto,2003,192,RM,ITA,-,-
A2,2025/2026,Campi Reali Cantù,Cantù,11,TAIWO Gioele Adeola,Middleblocker,2006,198,MI,ITA,-,-
A2,2025/2026,Campi Reali Cantù,Cantù,12,CANDELI Nicola,Middleblocker,1993,200,BS,ITA,-,-
A2,2025/2026,Campi Reali Cantù,Cantù,14,IVANOV Nikolay Ivelinov,Spiker,2006,192,BUL,BUL,-,-
A2,2025/2026,Campi Reali Cantù,Cantù,17,BONACCHI Federico,Setter,2004,189,MI,ITA,-,-
A2,2025/2026,Campi Reali Cantù,Cantù,19,TADIC Luka,Spiker,2000,206,SRB,SRB,from 28/11/2025,-
A2,2025/2026,Campi Reali Cantù,Cantù,22,MALETTO Gabriele,Middleblocker,1999,202,TO,ITA,-,-
A2,2025/2026,Campi Reali Cantù,Cantù,44,BIANCHI Tommaso,Libero,2002,175,CO,ITA,-,-
A2,2025/2026,Campi Reali Cantù,Cantù,16,BACCO Andrea,Spiker,2003,185,MB,ITA,until 26/12/2025,-
A2,2025/2026,Consar Ravenna,Ravenna,1,DIMITROV Hristiyan,Diagonto,1999,198,BUL,BUL,-,-
A2,2025/2026,Consar Ravenna,Ravenna,3,GOTTARDO Mattia,Spiker,2001,192,PD,ITA,-,-
A2,2025/2026,Consar Ravenna,Ravenna,4,IURLARO Luca,Setter,2008,193,VV,ITA,-,-
A2,2025/2026,Consar Ravenna,Ravenna,5,CICCOLELLA Nicolò,Middleblocker,2004,202,BA,ITA,-,-
A2,2025/2026,Consar Ravenna,Ravenna,6,CANELLA Andrea,Middleblocker,1998,200,PD,ITA,-,-
A2,2025/2026,Consar Ravenna,Ravenna,8,BARTOLUCCI Filippo,Middleblocker,2003,197,PU,ITA,-,-
A2,2025/2026,Consar Ravenna,Ravenna,9,GIACOMINI Federico,Diagonto,2000,195,MC,ITA,-,-
A2,2025/2026,Consar Ravenna,Ravenna,10,GOI Riccardo,Libero,1992,173,MN,ITA,-,-
A2,2025/2026,Consar Ravenna,Ravenna,11,RUSSO Antonino,Setter,2004,185,NA,ITA,-,-
A2,2025/2026,Consar Ravenna,Ravenna,13,ZLATANOV Manuel,Spiker,2008,201,PC,ITA,-,-
A2,2025/2026,Consar Ravenna,Ravenna,14,BERTONCELLO Simone,Spiker,2007,197,VI,ITA,-,-
A2,2025/2026,Consar Ravenna,Ravenna,15,GABELLINI Lorenzo,Middleblocker,2007,194,PU,ITA,-,-
A2,2025/2026,Consar Ravenna,Ravenna,18,ASOLI Andrea,Libero,2007,175,RA,ITA,-,-
A2,2025/2026,Consar Ravenna,Ravenna,21,VALCHINOV Samuil Ivanov,Spiker,2001,202,BUL,BUL,-,-
A2,2025/2026,Emma Villas Codyeco Lupi Siena,Siena,1,PICCINELLI Alessandro,Libero,1997,189,MI,ITA,-,-
A2,2025/2026,Emma Villas Codyeco Lupi Siena,Siena,2,ROCCA Leonardo,Diagonto,2005,197,VE,ITA,-,-
A2,2025/2026,Emma Villas Codyeco Lupi Siena,Siena,5,MASTRANGELO Roberto,Setter,1998,188,CE,ITA,-,-
A2,2025/2026,Emma Villas Codyeco Lupi Siena,Siena,6,PORRO Simone,Setter,2007,191,GE,ITA,-,-
A2,2025/2026,Emma Villas Codyeco Lupi Siena,Siena,7,HOFF Mikkel,Setter,2001,198,DEN,DEN,from 15/10/2025,-
A2,2025/2026,Emma Villas Codyeco Lupi Siena,Siena,8,MATTEINI Alessio,Spiker,2005,195,PO,ITA,-,-
A2,2025/2026,Emma Villas Codyeco Lupi Siena,Siena,9,BRAGATTO Marco,Middleblocker,1997,196,FE,ITA,-,-
A2,2025/2026,Emma Villas Codyeco Lupi Siena,Siena,10,BINI Duccio,Libero,2004,185,FI,ITA,-,-
A2,2025/2026,Emma Villas Codyeco Lupi Siena,Siena,11,NELLI Gabriele,Diagonto,1993,208,LU,ITA,-,-
A2,2025/2026,Emma Villas Codyeco Lupi Siena,Siena,16,COMPAGNONI Federico,Middleblocker,2003,205,MN,ITA,-,-
A2,2025/2026,Emma Villas Codyeco Lupi Siena,Siena,18,RANDAZZO Luigi,Spiker,1994,200,CT,ITA,-,-
A2,2025/2026,Emma Villas Codyeco Lupi Siena,Siena,22,CEBAN Victorio,Middleblocker,2001,203,FE,ITA,-,-
A2,2025/2026,Emma Villas Codyeco Lupi Siena,Siena,30,ZONCA Paolo,Diagonto,1997,196,GO,ITA,from 15/03/2026,-
A2,2025/2026,Emma Villas Codyeco Lupi Siena,Siena,95,BALDINI Tommaso,Middleblocker,2005,196,MS,ITA,-,-
A2,2025/2026,Emma Villas Codyeco Lupi Siena,Siena,99,BENAVIDEZ Felipe,Spiker,1997,194,ARG,POR,-,-
A2,2025/2026,Emma Villas Codyeco Lupi Siena,Siena,14,MANAVINEZHAD Mohammadjavad,Spiker,1995,200,IRI,IRI,until 23/01/2026,-
A2,2025/2026,Essence Hotels Fano,Fano,1,BISOTTO Stefano,Setter,2005,189,CN,ITA,-,-
A2,2025/2026,Essence Hotels Fano,Fano,2,COSCIONE Manuel,Setter,1980,188,CN,ITA,-,-
A2,2025/2026,Essence Hotels Fano,Fano,3,IANNELLI Nicola,Libero,1999,185,BO,ITA,-,-
A2,2025/2026,Essence Hotels Fano,Fano,4,MERLO Pietro,Spiker,1999,200,VI,ITA,-,-
A2,2025/2026,Essence Hotels Fano,Fano,5,ROBERTI Federico,Spiker,2004,190,PU,ITA,-,-
A2,2025/2026,Essence Hotels Fano,Fano,7,SORCINELLI Giacomo,Spiker,2005,190,PU,ITA,-,-
A2,2025/2026,Essence Hotels Fano,Fano,8,GALDENZI Pietro,Middleblocker,2004,204,AN,ITA,-,-
A2,2025/2026,Essence Hotels Fano,Fano,9,RIZZI Jacopo,Libero,2004,192,PU,ITA,-,-
A2,2025/2026,Essence Hotels Fano,Fano,11,KAPICA Remigiusz,Diagonto,2000,200,POL,POL,from 15/03/2026,-
A2,2025/2026,Essence Hotels Fano,Fano,12,RICCI Fabio,Middleblocker,1994,205,RA,ITA,-,-
A2,2025/2026,Essence Hotels Fano,Fano,18,TONKONOH Maksym,Diagonto,2007,214,UKR,UKR,-,-
A2,2025/2026,Essence Hotels Fano,Fano,21,FORNAL Jan,Spiker,1995,191,POL,POL,-,-
A2,2025/2026,Essence Hotels Fano,Fano,23,MENGOZZI Stefano,Middleblocker,1985,202,RA,ITA,-,-
A2,2025/2026,Essence Hotels Fano,Fano,77,FALCIONI Christian,Diagonto,2006,195,PU,ITA,-,-
A2,2025/2026,Essence Hotels Fano,Fano,22,ARGUELLES SANCHEZ Edwin,Diagonto,2003,199,CUB,ITA,until 22/12/2025,-
A2,2025/2026,Gruppo Consoli Sferc Brescia,Brescia Atlantide,1,ROSSINI Salvatore,Libero,1986,185,LT,ITA,-,-
A2,2025/2026,Gruppo Consoli Sferc Brescia,Brescia Atlantide,3,CECH Daniel,Spiker,1997,200,CZE,CZE,-,-
A2,2025/2026,Gruppo Consoli Sferc Brescia,Brescia Atlantide,5,CAVUTO Oreste,Spiker,1996,199,CH,ITA,-,-
A2,2025/2026,Gruppo Consoli Sferc Brescia,Brescia Atlantide,6,SOLAZZI Andrea,Middleblocker,2001,200,MN,ITA,-,-
A2,2025/2026,Gruppo Consoli Sferc Brescia,Brescia Atlantide,7,TONDO Alessandro,Middleblocker,1991,202,LE,ITA,-,-
A2,2025/2026,Gruppo Consoli Sferc Brescia,Brescia Atlantide,8,COMINETTI Roberto,Spiker,1997,190,BG,ITA,-,-
A2,2025/2026,Gruppo Consoli Sferc Brescia,Brescia Atlantide,9,CARGIOLI Antonio,Middleblocker,1994,200,MI,ITA,-,-
A2,2025/2026,Gruppo Consoli Sferc Brescia,Brescia Atlantide,10,FRANZONI Andrea,Libero,1989,186,BS,ITA,-,-
A2,2025/2026,Gruppo Consoli Sferc Brescia,Brescia Atlantide,11,MANCINI Filippo,Setter,2004,188,RN,ITA,-,-
A2,2025/2026,Gruppo Consoli Sferc Brescia,Brescia Atlantide,14,ZAMBONARDI Filippo,Spiker,2009,186,BS,ITA,-,-
A2,2025/2026,Gruppo Consoli Sferc Brescia,Brescia Atlantide,15,BETTINZOLI Andrea,Spiker,2003,190,BS,ITA,-,-
A2,2025/2026,Gruppo Consoli Sferc Brescia,Brescia Atlantide,20,BERGER Martin,Middleblocker,2003,205,BZ,ITA,-,-
A2,2025/2026,Gruppo Consoli Sferc Brescia,Brescia Atlantide,21,GHIRARDI Pietro,Setter,2005,196,BS,ITA,-,-
A2,2025/2026,Gruppo Consoli Sferc Brescia,Brescia Atlantide,46,BROZZI Michele,Setter,2009,177,BS,ITA,-,-
A2,2025/2026,Gruppo Consoli Sferc Brescia,Brescia Atlantide,99,LUCCONI Manuele,Diagonto,1999,194,PU,ITA,-,-
A2,2025/2026,Prisma La Cascina Taranto,Taranto,1,MAIORANO Simone,Setter,2006,180,TA,ITA,from 08/01/2026,-
A2,2025/2026,Prisma La Cascina Taranto,Taranto,2,ANTONOV Oleg,Spiker,1988,198,RUS,ITA,-,-
A2,2025/2026,Prisma La Cascina Taranto,Taranto,3,LUZZI Davide,Libero,2004,180,TA,ITA,-,-
A2,2025/2026,Prisma La Cascina Taranto,Taranto,4,LUSETTI Matteo,Setter,2002,190,MO,ITA,-,-
A2,2025/2026,Prisma La Cascina Taranto,Taranto,5,CIANCIOTTA Nicola,Spiker,2001,196,BA,ITA,-,-
A2,2025/2026,Prisma La Cascina Taranto,Taranto,6,GALIANO Gabriel,Middleblocker,2006,203,BA,ITA,-,-
A2,2025/2026,Prisma La Cascina Taranto,Taranto,7,SANFILIPPO Gabriele,Middleblocker,2000,200,CT,ITA,-,-
A2,2025/2026,Prisma La Cascina Taranto,Taranto,9,LORUSSO Luca,Spiker,2000,190,BA,ITA,-,-
A2,2025/2026,Prisma La Cascina Taranto,Taranto,10,HOPT Jannis Tom,Diagonto,1996,205,GER,GER,-,-
A2,2025/2026,Prisma La Cascina Taranto,Taranto,11,GOLLINI Riccardo,Libero,2000,194,MO,ITA,-,-
A2,2025/2026,Prisma La Cascina Taranto,Taranto,13,PIEROTTI Marco,Spiker,1996,193,PU,ITA,-,-
A2,2025/2026,Prisma La Cascina Taranto,Taranto,15,BOSSI Elia,Middleblocker,1994,202,TS,ITA,-,-
A2,2025/2026,Prisma La Cascina Taranto,Taranto,16,MAIA Guilherme,Setter,2002,185,POR,POR,from 02/02/2026,-
A2,2025/2026,Prisma La Cascina Taranto,Taranto,19,GAVENDA Filip,Spiker,1996,202,SVK,SVK,from 07/01/2026,-
A2,2025/2026,Prisma La Cascina Taranto,Taranto,21,ZANOTTI Andrea,Middleblocker,1997,195,VR,ITA,-,-
A2,2025/2026,Prisma La Cascina Taranto,Taranto,8,YAMAMOTO Ryu,Setter,2000,185,JPN,JPN,until 02/01/2026,-
A2,2025/2026,Prisma La Cascina Taranto,Taranto,99,LAWANI Ibrahim,Diagonto,2001,199,FRA,FRA,from 21/10/2025 to 02/01/2026,-
A2,2025/2026,Prisma La Cascina Taranto,Taranto,14,MITRASINOVIC Tomislav,Diagonto,2000,206,CRO,CRO,until 13/10/2025,-
A2,2025/2026,Rinascita Lagonegro,Lagonegro,2,FORTUNATO Nicola,Libero,1995,171,PZ,ITA,-,-
A2,2025/2026,Rinascita Lagonegro,Lagonegro,3,ARASOMWAN Martins,Middleblocker,1995,200,NGR,ITA,-,-
A2,2025/2026,Rinascita Lagonegro,Lagonegro,5,ESPOSITO Lorenzo,Setter,2003,182,AP,ITA,-,-
A2,2025/2026,Rinascita Lagonegro,Lagonegro,7,RAFFAELLI Giacomo,Spiker,1995,194,GR,ITA,-,-
A2,2025/2026,Rinascita Lagonegro,Lagonegro,9,PEGORARO Andrea,Middleblocker,2003,198,VE,ITA,-,-
A2,2025/2026,Rinascita Lagonegro,Lagonegro,10,CANTAGALLI Diego,Diagonto,1999,203,PA,ITA,-,-
A2,2025/2026,Rinascita Lagonegro,Lagonegro,12,TOGNONI Gabriele,Middleblocker,2000,203,AL,ITA,-,-
A2,2025/2026,Rinascita Lagonegro,Lagonegro,15,ARMENANTE Stefano,Spiker,1999,190,CS,ITA,-,-
A2,2025/2026,Rinascita Lagonegro,Lagonegro,16,SPEROTTO Lorenzo,Setter,1999,190,VE,ITA,-,-
A2,2025/2026,Rinascita Lagonegro,Lagonegro,17,ANDONOVIC Aleksandar,Spiker,1997,198,SRB,SRB,-,-
A2,2025/2026,Rinascita Lagonegro,Lagonegro,18,MASTRACCI Giacomo,Spiker,2001,194,LT,ITA,-,-
A2,2025/2026,Rinascita Lagonegro,Lagonegro,24,DE ANGELIS Carlo,Libero,1996,190,LT,ITA,-,-
A2,2025/2026,Rinascita Lagonegro,Lagonegro,26,SANCHI Leonardo,Diagonto,2006,198,RN,ITA,-,-
A2,2025/2026,Rinascita Lagonegro,Lagonegro,8,SIMONE Vincenzo,Setter,2008,175,PZ,ITA,until 22/09/2025,-
A2,2025/2026,Romeo Sorrento,Massa Lubrense,1,TULONE Calogero,Setter,1996,185,AG,ITA,-,-
A2,2025/2026,Romeo Sorrento,Massa Lubrense,3,RUSSO Davide Luigi,Libero,2001,180,LE,ITA,-,-
A2,2025/2026,Romeo Sorrento,Massa Lubrense,4,IURISCI Matteo,Spiker,2007,188,CH,ITA,-,-
A2,2025/2026,Romeo Sorrento,Massa Lubrense,5,PARRAGUIRRE Vicente,Spiker,1994,194,CHI,CHI,-,-
A2,2025/2026,Romeo Sorrento,Massa Lubrense,6,POL Alberto,Spiker,2001,201,TV,ITA,-,-
A2,2025/2026,Romeo Sorrento,Massa Lubrense,7,PETKOV Preslav,Middleblocker,2003,208,BUL,BUL,-,-
A2,2025/2026,Romeo Sorrento,Massa Lubrense,8,PATRIARCA Stefano,Middleblocker,1987,206,IS,ITA,-,-
A2,2025/2026,Romeo Sorrento,Massa Lubrense,9,MALAVASI Andrea,Spiker,2005,194,MO,ITA,-,-
A2,2025/2026,Romeo Sorrento,Massa Lubrense,10,PONTECORVO Paolo,Libero,1998,175,NA,ITA,-,-
A2,2025/2026,Romeo Sorrento,Massa Lubrense,11,BALDI Andrea,Diagonto,2000,197,BS,ITA,-,-
A2,2025/2026,Romeo Sorrento,Massa Lubrense,15,FERRATO Leonardo,Setter,2001,196,PD,ITA,-,-
A2,2025/2026,Romeo Sorrento,Massa Lubrense,18,FORTES Francesco,Middleblocker,1999,197,PA,ITA,-,-
A2,2025/2026,Romeo Sorrento,Massa Lubrense,21,GARGIULO Mariano,Spiker,2002,182,NA,ITA,-,-
A2,2025/2026,Romeo Sorrento,Massa Lubrense,35,BRIGNACH Davide,Diagonto,2004,201,BZ,ITA,-,-
A2,2025/2026,Sviluppo Sud Catania,Acicastello,1,PINELLI Riccardo,Setter,1991,193,MO,ITA,-,-
A2,2025/2026,Sviluppo Sud Catania,Acicastello,2,COTTARELLI Francesco,Setter,1996,196,VR,ITA,-,-
A2,2025/2026,Sviluppo Sud Catania,Acicastello,3,BASIC Luka,Spiker,1995,201,FRA,FRA,-,-
A2,2025/2026,Sviluppo Sud Catania,Acicastello,4,GITTO Carmelo,Middleblocker,1987,200,ME,ITA,-,-
A2,2025/2026,Sviluppo Sud Catania,Acicastello,5,VOLPE Nicolò,Middleblocker,2003,202,TO,ITA,-,-
A2,2025/2026,Sviluppo Sud Catania,Acicastello,7,MARSHALL Leonel,Spiker,1979,199,CUB,ITA,-,-
A2,2025/2026,Sviluppo Sud Catania,Acicastello,8,CALETTI Leonardo,Libero,2000,182,VA,ITA,-,-
A2,2025/2026,Sviluppo Sud Catania,Acicastello,10,TOROSANTUCCI Luigi,Middleblocker,2004,208,CH,ITA,-,-
A2,2025/2026,Sviluppo Sud Catania,Acicastello,11,BALESTRA Cosimo,Middleblocker,2003,200,TA,ITA,-,-
A2,2025/2026,Sviluppo Sud Catania,Acicastello,12,NWACHUKWU Arinze Kelvin,Diagonto,2002,215,NGR,NGR,-,-
A2,2025/2026,Sviluppo Sud Catania,Acicastello,13,GASPARINI Andrea,Diagonto,1996,200,CO,ITA,-,-
A2,2025/2026,Sviluppo Sud Catania,Acicastello,14,PAROLARI Raul,Spiker,2003,200,TN,ITA,-,-
A2,2025/2026,Sviluppo Sud Catania,Acicastello,17,FERI Jan,Spiker,2004,194,GO,ITA,-,-
A2,2025/2026,Sviluppo Sud Catania,Acicastello,18,CARBONE Peppino,Libero,1996,187,RC,ITA,-,-
A2,2025/2026,Tinet Prata di Pordenone,Prata,2,KATALAN Nicolò,Middleblocker,1998,200,TS,ITA,-,-
A2,2025/2026,Tinet Prata di Pordenone,Prata,3,ALBERINI Alessio,Setter,1998,185,VE,ITA,-,-
A2,2025/2026,Tinet Prata di Pordenone,Prata,4,SIST Diego,Spiker,2005,185,PN,ITA,-,-
A2,2025/2026,Tinet Prata di Pordenone,Prata,5,BENEDICENTI Alberto,Libero,2001,180,TO,ITA,-,-
A2,2025/2026,Tinet Prata di Pordenone,Prata,6,PILLON Matteo,Setter,2006,190,TV,ITA,-,-
A2,2025/2026,Tinet Prata di Pordenone,Prata,7,SCOPELLITI Simone,Middleblocker,1994,205,RC,ITA,-,-
A2,2025/2026,Tinet Prata di Pordenone,Prata,9,ERNASTOWICZ Marcin,Spiker,1997,193,POL,POL,-,-
A2,2025/2026,Tinet Prata di Pordenone,Prata,10,AIELLO Alex Francesco Maria,Libero,2002,175,MB,ITA,-,-
A2,2025/2026,Tinet Prata di Pordenone,Prata,11,MENEGHEL Samuele,Middleblocker,2001,195,PN,ITA,-,-
A2,2025/2026,Tinet Prata di Pordenone,Prata,12,TERPIN Jernej,Spiker,1996,195,GO,ITA,-,-
A2,2025/2026,Tinet Prata di Pordenone,Prata,17,UMEK David,Spiker,1998,197,TS,ITA,-,-
A2,2025/2026,Tinet Prata di Pordenone,Prata,20,BRUNO Manuel,Spiker,1994,181,CS,ITA,-,-
A2,2025/2026,Tinet Prata di Pordenone,Prata,32,GAMBA Kristian,Diagonto,2000,190,AO,ITA,-,-
A2,2025/2026,Tinet Prata di Pordenone,Prata,99,FUSARO Francesco,Middleblocker,1999,201,VE,ITA,-,-
A2,2025/2026,Virtus Aversa,Aversa,3,MINELLI Francesco,Setter,2002,193,BO,ITA,-,-
A2,2025/2026,Virtus Aversa,Aversa,4,VATTOVAZ Luis,Diagonto,1999,196,TS,ITA,-,-
A2,2025/2026,Virtus Aversa,Aversa,5,TALLONE Alessio,Spiker,1999,199,PU,ITA,-,-
A2,2025/2026,Virtus Aversa,Aversa,6,RAFFA Mattia,Libero,1996,184,ZAM,ITA,-,-
A2,2025/2026,Virtus Aversa,Aversa,7,MATTEI Andrea,Middleblocker,1993,202,RM,ITA,-,-
A2,2025/2026,Virtus Aversa,Aversa,8,MAZZA Federico,Middleblocker,1996,200,MI,ITA,-,-
A2,2025/2026,Virtus Aversa,Aversa,9,MOTZO Matheus,Diagonto,1999,192,BRA,ITA,-,-
A2,2025/2026,Virtus Aversa,Aversa,10,TIOZZO Nicola,Spiker,1993,198,VE,ITA,-,-
A2,2025/2026,Virtus Aversa,Aversa,11,GARNICA Fernando Gabriel,Setter,1980,190,ARG,ITA,-,-
A2,2025/2026,Virtus Aversa,Aversa,12,IORIO Lorenzo,Middleblocker,2007,207,NA,ITA,-,-
A2,2025/2026,Virtus Aversa,Aversa,14,AGOUZOUL Omar,Spiker,2004,185,CE,ITA,-,-
A2,2025/2026,Virtus Aversa,Aversa,16,GUERRINI Francesco,Spiker,2003,188,PG,ITA,-,-
A2,2025/2026,Virtus Aversa,Aversa,20,BENAVIDES Juan Felipe Castaneda,Spiker,2003,201,COL,COL,from 09/02/2026,-
A2,2025/2026,Virtus Aversa,Aversa,90,VOLPATO Marco,Middleblocker,1990,198,VI,ITA,-,-
A2,2025/2026,Virtus Aversa,Aversa,17,MENTASTI Edoardo,Spiker,2002,185,TN,ITA,until 23/01/2026,-
A3,2025/2026,Belluno Volley,Belluno,1,MARINI DA COSTA Gabriel,Spiker,2006,200,RM,ITA,-,-
A3,2025/2026,Belluno Volley,Belluno,2,MOZZATO Matteo,Middleblocker,2002,197,TV,ITA,-,-
A3,2025/2026,Belluno Volley,Belluno,3,MARSILI Sebastiano,Setter,1996,181,TV,ITA,-,-
A3,2025/2026,Belluno Volley,Belluno,4,HOFFER Nicolò,Libero,2000,180,VR,ITA,-,-
A3,2025/2026,Belluno Volley,Belluno,5,POZZEBON Luca,Setter,2005,189,TV,ITA,-,-
A3,2025/2026,Belluno Volley,Belluno,6,GIANNOTTI Stefano,Diagonto,1989,197,PD,ITA,-,-
A3,2025/2026,Belluno Volley,Belluno,7,BORTOLETTO Filippo,Middleblocker,2006,195,PD,ITA,-,-
A3,2025/2026,Belluno Volley,Belluno,8,BASSO Enrico,Middleblocker,2000,197,PD,ITA,-,-
A3,2025/2026,Belluno Volley,Belluno,9,MICHIELON Leonardo,Diagonto,2006,198,PD,ITA,-,-
A3,2025/2026,Belluno Volley,Belluno,10,CORRADO Francesco,Spiker,1997,196,KR,ITA,-,-
A3,2025/2026,Belluno Volley,Belluno,11,CENGIA Riccardo,Middleblocker,2001,198,VI,ITA,-,-
A3,2025/2026,Belluno Volley,Belluno,12,BERGER Alexander,Spiker,1988,193,AUT,AUT,-,-
A3,2025/2026,Belluno Volley,Belluno,16,TOSATTO Giovanni,Libero,2006,180,TV,ITA,-,-
A3,2025/2026,Belluno Volley,Belluno,18,LOGLISCI Gianluca,Spiker,1998,195,MN,ITA,-,-
A3,2025/2026,Conad Reggio Emilia,Reggio Emilia,1,BERTONI Andrea,Middleblocker,2005,195,MO,ITA,-,-
A3,2025/2026,Conad Reggio Emilia,Reggio Emilia,2,SIGNORINI Davide,Spiker,2005,194,VR,ITA,-,-
A3,2025/2026,Conad Reggio Emilia,Reggio Emilia,3,BIGOZZI Martino,Middleblocker,2008,197,BO,ITA,-,-
A3,2025/2026,Conad Reggio Emilia,Reggio Emilia,4,CHEVALIER Martin,Spiker,2000,195,CZE,CZE,-,-
A3,2025/2026,Conad Reggio Emilia,Reggio Emilia,5,MARINI Andrea,Libero,2005,180,MB,ITA,-,-
A3,2025/2026,Conad Reggio Emilia,Reggio Emilia,7,SCALTRITI Riccardo,Spiker,1994,196,RE,ITA,-,-
A3,2025/2026,Conad Reggio Emilia,Reggio Emilia,9,BARONE Rocco,Middleblocker,1987,198,RC,ITA,-,-
A3,2025/2026,Conad Reggio Emilia,Reggio Emilia,11,MIAN Riccardo,Diagonto,1998,195,UD,ITA,-,-
A3,2025/2026,Conad Reggio Emilia,Reggio Emilia,14,ALBERGHINI Riccardo,Middleblocker,2004,197,MO,ITA,-,-
A3,2025/2026,Conad Reggio Emilia,Reggio Emilia,16,CATELLANI Mattia,Setter,1999,188,RE,ITA,-,-
A3,2025/2026,Conad Reggio Emilia,Reggio Emilia,18,SIGHINOLFI Nicholas,Middleblocker,1994,206,MO,ITA,-,-
A3,2025/2026,Conad Reggio Emilia,Reggio Emilia,21,SANGUANINI Andrea,Diagonto,2006,197,MN,ITA,-,-
A3,2025/2026,Conad Reggio Emilia,Reggio Emilia,23,ZECCA Alessandro,Libero,2004,183,RE,ITA,-,-
A3,2025/2026,Conad Reggio Emilia,Reggio Emilia,24,MAZZON Riccardo,Spiker,1996,205,PD,ITA,-,-
A3,2025/2026,Conad Reggio Emilia,Reggio Emilia,44,SANTAMBROGIO Filippo,Setter,1999,181,MI,ITA,-,-
A3,2025/2026,CUS Cagliari,Cagliari Cus,2,PILUDU Marco Stefano,Libero,2007,173,CA,ITA,-,-
A3,2025/2026,CUS Cagliari,Cagliari Cus,3,AGAPITOS Nicola,Spiker,2005,202,CN,ITA,-,-
A3,2025/2026,CUS Cagliari,Cagliari Cus,4,ZANETTIN Ivan,Diagonto,1997,196,VEN,ITA,-,-
A3,2025/2026,CUS Cagliari,Cagliari Cus,6,MENICALI Michael,Middleblocker,1990,203,TO,ITA,-,-
A3,2025/2026,CUS Cagliari,Cagliari Cus,8,BIASOTTO Morgan,Diagonto,2003,205,GE,ITA,-,-
A3,2025/2026,CUS Cagliari,Cagliari Cus,10,MUCCIONE Riccardo,Setter,1993,186,CA,ITA,-,-
A3,2025/2026,CUS Cagliari,Cagliari Cus,12,LUISETTO Michele,Middleblocker,1996,190,PD,ITA,-,-
A3,2025/2026,CUS Cagliari,Cagliari Cus,14,SCIARRETTI Gabriele,Middleblocker,2004,193,TO,ITA,-,-
A3,2025/2026,CUS Cagliari,Cagliari Cus,16,BASSO Lorenzo Antonio,Libero,2008,183,VA,ITA,-,-
A3,2025/2026,CUS Cagliari,Cagliari Cus,17,GOZZO Stefano,Spiker,1994,200,PD,ITA,-,-
A3,2025/2026,CUS Cagliari,Cagliari Cus,18,TRUOCCHIO Ranieri,Spiker,2004,198,PT,ITA,-,-
A3,2025/2026,CUS Cagliari,Cagliari Cus,22,SORU Francesco,Spiker,2005,187,OR,ITA,-,-
A3,2025/2026,CUS Cagliari,Cagliari Cus,25,GALIAZZO Luca,Middleblocker,2005,201,VE,ITA,-,-
A3,2025/2026,CUS Cagliari,Cagliari Cus,88,FOLGUERA ESTRUGA Xavier,Setter,1988,182,AND,ESP,-,-
A3,2025/2026,ErmGroup Altotevere San Giustino,San Giustino Pallavolo,1,TESONE Vitale,Setter,2007,183,PG,ITA,-,-
A3,2025/2026,ErmGroup Altotevere San Giustino,San Giustino Pallavolo,2,CIPRIANI Nico,Spiker,2002,190,PG,ITA,-,-
A3,2025/2026,ErmGroup Altotevere San Giustino,San Giustino Pallavolo,3,BIFFI Jacopo,Setter,2000,188,LC,ITA,-,-
A3,2025/2026,ErmGroup Altotevere San Giustino,San Giustino Pallavolo,4,CHERUBINI Giacomo,Diagonto,1994,184,PG,ITA,-,-
A3,2025/2026,ErmGroup Altotevere San Giustino,San Giustino Pallavolo,5,MARZOLLA Simone,Diagonto,1999,197,VE,ITA,-,-
A3,2025/2026,ErmGroup Altotevere San Giustino,San Giustino Pallavolo,7,FAVARO Gioele,Spiker,2003,192,PD,ITA,-,-
A3,2025/2026,ErmGroup Altotevere San Giustino,San Giustino Pallavolo,8,CHIELLA Leonardo,Libero,2006,180,GR,ITA,-,-
A3,2025/2026,ErmGroup Altotevere San Giustino,San Giustino Pallavolo,9,PROCELLI Flavio,Middleblocker,2002,200,AR,ITA,-,-
A3,2025/2026,ErmGroup Altotevere San Giustino,San Giustino Pallavolo,10,ALPINI Matteo,Spiker,2001,196,PO,ITA,-,-
A3,2025/2026,ErmGroup Altotevere San Giustino,San Giustino Pallavolo,11,COMPAGNONI Mirco,Middleblocker,2003,202,BS,ITA,-,-
A3,2025/2026,ErmGroup Altotevere San Giustino,San Giustino Pallavolo,13,POCHINI Filippo,Libero,1989,185,PG,ITA,-,-
A3,2025/2026,ErmGroup Altotevere San Giustino,San Giustino Pallavolo,14,CAPPELLETTI Niccolò,Spiker,1996,196,PG,ITA,-,-
A3,2025/2026,ErmGroup Altotevere San Giustino,San Giustino Pallavolo,17,QUARTA Augusto,Middleblocker,1993,200,BO,ITA,-,-
A3,2025/2026,ErmGroup Altotevere San Giustino,San Giustino Pallavolo,22,MASALA Francesco Elia,Middleblocker,2005,200,PG,ITA,-,-
A3,2025/2026,Gabbiano FarmaMed Mantova,Mantova Top Team,1,BACIOCCO Leonardo,Spiker,2000,197,GE,ITA,-,-
A3,2025/2026,Gabbiano FarmaMed Mantova,Mantova Top Team,3,CREMONESI Michele,Diagonto,2010,190,MN,ITA,-,-
A3,2025/2026,Gabbiano FarmaMed Mantova,Mantova Top Team,4,EL MOUDDEN Omar,Libero,2002,182,BA,ITA,-,-
A3,2025/2026,Gabbiano FarmaMed Mantova,Mantova Top Team,5,BALDAZZI Alberto,Diagonto,1998,199,FE,ITA,-,-
A3,2025/2026,Gabbiano FarmaMed Mantova,Mantova Top Team,6,SIMONI Francesco,Middleblocker,1999,198,TN,ITA,-,-
A3,2025/2026,Gabbiano FarmaMed Mantova,Mantova Top Team,7,ANDRIOLA Francesco,Middleblocker,2002,194,CT,ITA,-,-
A3,2025/2026,Gabbiano FarmaMed Mantova,Mantova Top Team,9,PINALI Roberto,Spiker,1995,187,BO,ITA,-,-
A3,2025/2026,Gabbiano FarmaMed Mantova,Mantova Top Team,11,SOMMAVILLA Riccardo,Libero,1997,172,VR,ITA,-,-
A3,2025/2026,Gabbiano FarmaMed Mantova,Mantova Top Team,14,GUERRIERO Filippo,Setter,2003,187,GE,ITA,-,-
A3,2025/2026,Gabbiano FarmaMed Mantova,Mantova Top Team,15,ZANINI Matteo,Middleblocker,1994,200,VR,ITA,-,-
A3,2025/2026,Gabbiano FarmaMed Mantova,Mantova Top Team,16,GOLA Edoardo,Spiker,1999,199,MN,ITA,-,-
A3,2025/2026,Gabbiano FarmaMed Mantova,Mantova Top Team,17,SELLERI Giacomo,Setter,2005,185,LC,ITA,-,-
A3,2025/2026,Gabbiano FarmaMed Mantova,Mantova Top Team,19,TOAJARI Ludovico,Middleblocker,2003,194,MN,ITA,-,-
A3,2025/2026,Gabbiano FarmaMed Mantova,Mantova Top Team,24,MAIOCCHI Matteo,Spiker,1998,192,MI,ITA,-,-
A3,2025/2026,Monge Gerbaudo Savigliano,Savigliano ,1,BALLAN Riccardo,Middleblocker,1997,197,PD,ITA,-,-
A3,2025/2026,Monge Gerbaudo Savigliano,Savigliano ,3,QUARANTA Ambrogio,Middleblocker,2003,198,CN,ITA,-,-
A3,2025/2026,Monge Gerbaudo Savigliano,Savigliano ,4,SCHIRO Andrea,Spiker,2001,203,VI,ITA,-,-
A3,2025/2026,Monge Gerbaudo Savigliano,Savigliano ,5,GUIOTTO Giacomo,Spiker,2007,190,CN,ITA,-,-
A3,2025/2026,Monge Gerbaudo Savigliano,Savigliano ,6,SACRIPANTI Mauro,Spiker,1998,188,RM,ITA,-,-
A3,2025/2026,Monge Gerbaudo Savigliano,Savigliano ,7,CARLEVARIS Andrea,Setter,1993,181,TO,ITA,-,-
A3,2025/2026,Monge Gerbaudo Savigliano,Savigliano ,8,RAINERO Lorenzo,Middleblocker,2002,202,CN,ITA,-,-
A3,2025/2026,Monge Gerbaudo Savigliano,Savigliano ,9,GALAVERNA Andrea,Spiker,1994,195,CN,ITA,-,-
A3,2025/2026,Monge Gerbaudo Savigliano,Savigliano ,10,RABBIA Paolo,Libero,1997,175,CN,ITA,-,-
A3,2025/2026,Monge Gerbaudo Savigliano,Savigliano ,11,ROSSATO Luca,Diagonto,2001,200,LT,ITA,-,-
A3,2025/2026,Monge Gerbaudo Savigliano,Savigliano ,12,BACCO Andrea,Spiker,2003,185,MB,ITA,from 27/12/2025,-
A3,2025/2026,Monge Gerbaudo Savigliano,Savigliano ,14,GIROTTO Roberto,Diagonto,2005,195,TO,ITA,-,-
A3,2025/2026,Monge Gerbaudo Savigliano,Savigliano ,16,BONOLA Paolo,Middleblocker,1992,200,SO,ITA,from 31/10/2025,-
A3,2025/2026,Monge Gerbaudo Savigliano,Savigliano ,17,DUTTO Francesco,Middleblocker,1991,197,CN,ITA,-,-
A3,2025/2026,Monge Gerbaudo Savigliano,Savigliano ,18,PISTOLESI Matteo,Setter,1995,194,TO,ITA,-,-
A3,2025/2026,Monge Gerbaudo Savigliano,Savigliano ,13,PROSPERI TURRI Francesco,Libero,2001,191,FI,ITA,until 23/12/2025,-
A3,2025/2026,Negrini CTE Acqui Terme,Acqui Terme,1,VOLPARA Daniele,Libero,2009,182,AL,ITA,-,-
A3,2025/2026,Negrini CTE Acqui Terme,Acqui Terme,3,ARGENTA Andrea,Diagonto,1996,205,VR,ITA,-,-
A3,2025/2026,Negrini CTE Acqui Terme,Acqui Terme,4,GARRONE Andrea,Setter,2004,195,TO,ITA,-,-
A3,2025/2026,Negrini CTE Acqui Terme,Acqui Terme,5,BELLANOVA Giuseppe,Setter,2003,192,BR,ITA,-,-
A3,2025/2026,Negrini CTE Acqui Terme,Acqui Terme,7,DOTTA Francesco,Diagonto,2006,200,CN,ITA,-,-
A3,2025/2026,Negrini CTE Acqui Terme,Acqui Terme,8,GUASTAMACCHIA Francesco,Middleblocker,2003,193,VE,ITA,-,-
A3,2025/2026,Negrini CTE Acqui Terme,Acqui Terme,9,CARRERA Pietro,Spiker,2008,187,IM,ITA,-,-
A3,2025/2026,Negrini CTE Acqui Terme,Acqui Terme,11,BOTTO Iacopo,Spiker,1987,193,SP,ITA,-,-
A3,2025/2026,Negrini CTE Acqui Terme,Acqui Terme,12,PETRAS Michal,Spiker,1996,193,SVK,SVK,-,-
A3,2025/2026,Negrini CTE Acqui Terme,Acqui Terme,13,ASSALINO Giovanni,Middleblocker,2005,193,GE,ITA,-,-
A3,2025/2026,Negrini CTE Acqui Terme,Acqui Terme,14,ESPOSITO Davide,Middleblocker,1995,205,CN,ITA,-,-
A3,2025/2026,Negrini CTE Acqui Terme,Acqui Terme,16,CARPITA Daniele,Spiker,2005,190,MI,ITA,-,-
A3,2025/2026,Negrini CTE Acqui Terme,Acqui Terme,21,TROMBIN Filippo,Libero,2005,172,AL,ITA,-,-
A3,2025/2026,Negrini CTE Acqui Terme,Acqui Terme,45,SARASINO Filippo,Middleblocker,2006,201,TO,ITA,-,-
A3,2025/2026,Personal Time San Donà di Piave,San Donà di Piave,1,CAVASIN Alberto,Diagonto,2001,196,VE,ITA,from 27/12/2025,-
A3,2025/2026,Personal Time San Donà di Piave,San Donà di Piave,2,SALVADOR Alessandro,Spiker,2006,194,AO,ITA,-,-
A3,2025/2026,Personal Time San Donà di Piave,San Donà di Piave,3,GRESPAN Nicolò,Setter,2007,188,PN,ITA,-,-
A3,2025/2026,Personal Time San Donà di Piave,San Donà di Piave,6,BARBON Gioele,Diagonto,2004,200,TV,ITA,-,-
A3,2025/2026,Personal Time San Donà di Piave,San Donà di Piave,7,BELLUCCI Alessandro,Setter,1997,190,PU,ITA,-,-
A3,2025/2026,Personal Time San Donà di Piave,San Donà di Piave,8,LAZZARINI Dago Alessandro,Middleblocker,2003,197,VE,ITA,-,-
A3,2025/2026,Personal Time San Donà di Piave,San Donà di Piave,9,ZILIO Manuel,Middleblocker,2006,196,TV,ITA,-,-
A3,2025/2026,Personal Time San Donà di Piave,San Donà di Piave,10,PALUDET Federico,Libero,2003,172,PN,ITA,-,-
A3,2025/2026,Personal Time San Donà di Piave,San Donà di Piave,11,GARRA Filippo,Spiker,2005,198,GE,ITA,-,-
A3,2025/2026,Personal Time San Donà di Piave,San Donà di Piave,12,FILIPPELLI Mattia,Middleblocker,2005,200,VE,ITA,-,-
A3,2025/2026,Personal Time San Donà di Piave,San Donà di Piave,13,MARZORATI Manuel,Middleblocker,2001,199,BG,ITA,-,-
A3,2025/2026,Personal Time San Donà di Piave,San Donà di Piave,15,CUNIAL Edoardo,Spiker,2004,193,TV,ITA,-,-
A3,2025/2026,Personal Time San Donà di Piave,San Donà di Piave,17,ZANATTA Davide,Libero,2006,183,TV,ITA,-,-
A3,2025/2026,Personal Time San Donà di Piave,San Donà di Piave,18,FEDRICI Marco,Spiker,2006,198,TN,ITA,-,-
A3,2025/2026,Sarlux Sarroch,Sarroch,2,CURRIDORI Fabio,Setter,1998,180,PN,ITA,-,-
A3,2025/2026,Sarlux Sarroch,Sarroch,3,CAPELLI Riccardo,Spiker,2000,198,MB,ITA,-,-
A3,2025/2026,Sarlux Sarroch,Sarroch,4,LECCIS Andrea,Middleblocker,2001,190,CI,ITA,-,-
A3,2025/2026,Sarlux Sarroch,Sarroch,5,PARTENIO Pier Paolo,Setter,1993,195,MC,ITA,-,-
A3,2025/2026,Sarlux Sarroch,Sarroch,7,STABRAWA Pawel,Diagonto,1996,203,POL,POL,from 10/12/2025,-
A3,2025/2026,Sarlux Sarroch,Sarroch,8,MOCCI Simone,Libero,1999,180,CA,ITA,-,-
A3,2025/2026,Sarlux Sarroch,Sarroch,9,GIAFFREDA Francesco,Libero,2000,178,LE,ITA,-,-
A3,2025/2026,Sarlux Sarroch,Sarroch,11,MATANI Massimiliano,Middleblocker,2002,195,IM,ITA,-,-
A3,2025/2026,Sarlux Sarroch,Sarroch,12,SAIBENE Alberto,Spiker,1998,192,PD,ITA,-,-
A3,2025/2026,Sarlux Sarroch,Sarroch,13,KUBASZEK Wiktor,Spiker,2006,193,RM,ITA,-,-
A3,2025/2026,Sarlux Sarroch,Sarroch,14,ROMOLI Riccardo,Diagonto,1992,190,CA,ITA,-,-
A3,2025/2026,Sarlux Sarroch,Sarroch,15,AGRUSTI Marinfranco,Middleblocker,1999,200,BA,ITA,-,-
A3,2025/2026,Sarlux Sarroch,Sarroch,17,PISU Gabriele,Middleblocker,1991,196,CA,ITA,-,-
A3,2025/2026,Sarlux Sarroch,Sarroch,37,IANNACCONE Dario,Spiker,2001,198,RM,ITA,-,-
A3,2025/2026,Sarlux Sarroch,Sarroch,7,VASKELIS Edvinas,Diagonto,1996,194,LTU,LTU,until 27/11/2025,-
A3,2025/2026,Sav Trebaseleghe,Trebaseleghe,1,CANDEAGO Giovanni,Spiker,1994,190,BL,ITA,-,-
A3,2025/2026,Sav Trebaseleghe,Trebaseleghe,2,CESTER Davide,Diagonto,1997,197,TV,ITA,-,-
A3,2025/2026,Sav Trebaseleghe,Trebaseleghe,3,STRELIOTTO Luca,Middleblocker,2005,193,VI,ITA,-,-
A3,2025/2026,Sav Trebaseleghe,Trebaseleghe,4,MUNARIN Francesco,Middleblocker,2006,200,VE,ITA,-,-
A3,2025/2026,Sav Trebaseleghe,Trebaseleghe,5,MARTINEZ Ignacio,Setter,1998,182,ARG,ITA,-,-
A3,2025/2026,Sav Trebaseleghe,Trebaseleghe,6,ZAGHETTO Alberto,Spiker,2004,197,PD,ITA,-,-
A3,2025/2026,Sav Trebaseleghe,Trebaseleghe,7,MASON Tommaso,Spiker,1998,188,PD,ITA,-,-
A3,2025/2026,Sav Trebaseleghe,Trebaseleghe,8,RAMPAZZO Emanuele,Setter,2003,193,PD,ITA,-,-
A3,2025/2026,Sav Trebaseleghe,Trebaseleghe,9,MISTRETTA Andrea,Middleblocker,2002,201,TV,ITA,-,-
A3,2025/2026,Sav Trebaseleghe,Trebaseleghe,10,AMARILLI Mattia,Libero,2003,177,TV,ITA,-,-
A3,2025/2026,Sav Trebaseleghe,Trebaseleghe,11,RAMPIN Giacomo,Middleblocker,1994,200,VI,ITA,-,-
A3,2025/2026,Sav Trebaseleghe,Trebaseleghe,13,WAWRZYNCZYK Stanislaw Zbigniew,Spiker,1990,199,POL,POL,from 12/03/2026,-
A3,2025/2026,Sav Trebaseleghe,Trebaseleghe,15,TOSATTO Luca,Diagonto,1993,190,PD,ITA,-,-
A3,2025/2026,Sav Trebaseleghe,Trebaseleghe,19,MARTINEZ Gonzalo,Spiker,2002,187,ARG,ITA,-,-
A3,2025/2026,Sav Trebaseleghe,Trebaseleghe,24,CEOLIN Vittorio,Spiker,2002,187,VE,ITA,-,-
A3,2025/2026,Stadium Mirandola,Mirandola,2,CATELLANI Luca,Libero,1991,185,RE,ITA,-,-
A3,2025/2026,Stadium Mirandola,Mirandola,3,ANTONACI Piergiorgio,Middleblocker,1995,195,LE,ITA,-,-
A3,2025/2026,Stadium Mirandola,Mirandola,4,SCHINCAGLIA Giovanni,Setter,2000,192,FE,ITA,-,-
A3,2025/2026,Stadium Mirandola,Mirandola,5,SITTI Alessio,Setter,1996,182,CH,ITA,-,-
A3,2025/2026,Stadium Mirandola,Mirandola,8,FLEMMA Denni,Spiker,1997,191,CB,ITA,-,-
A3,2025/2026,Stadium Mirandola,Mirandola,10,RUSTICHELLI Matteo,Libero,1999,181,RE,ITA,-,-
A3,2025/2026,Stadium Mirandola,Mirandola,11,GALLIANI Andrea,Spiker,1988,204,MB,ITA,-,-
A3,2025/2026,Stadium Mirandola,Mirandola,12,MALETTI Marco,Spiker,1998,195,MO,ITA,-,-
A3,2025/2026,Stadium Mirandola,Mirandola,14,SPAGNOL Marco,Diagonto,2000,198,TV,ITA,-,-
A3,2025/2026,Stadium Mirandola,Mirandola,17,EGWAOJE Mark Ohimai,Middleblocker,2004,193,MO,ITA,-,-
A3,2025/2026,Stadium Mirandola,Mirandola,21,SCAGLIONI Giacomo,Middleblocker,2002,196,FE,ITA,-,-
A3,2025/2026,Stadium Mirandola,Mirandola,22,MONTAGGIOLI Riccardo,Spiker,2004,193,MO,ITA,-,-
A3,2025/2026,Stadium Mirandola,Mirandola,23,GRUE Riccardo,Middleblocker,2006,195,CH,ITA,-,-
A3,2025/2026,Stadium Mirandola,Mirandola,27,STORCHI Alessandro,Diagonto,2006,192,MO,ITA,-,-
A3,2025/2026,Aurispa DFV Lecce,Alessano Lecce,1,MAZZONE Tiziano,Spiker,1995,199,RM,ITA,-,-
A3,2025/2026,Aurispa DFV Lecce,Alessano Lecce,2,TOMMASI Federico,Spiker,2005,198,LE,ITA,-,-
A3,2025/2026,Aurispa DFV Lecce,Alessano Lecce,3,BERNARDIS Francesco,Setter,2004,193,TN,ITA,-,-
A3,2025/2026,Aurispa DFV Lecce,Alessano Lecce,4,RUSSO Aidan Kit,Libero,2005,178,GBR,ITA,-,-
A3,2025/2026,Aurispa DFV Lecce,Alessano Lecce,5,DONATI Francesco,Libero,2001,173,VR,ITA,-,-
A3,2025/2026,Aurispa DFV Lecce,Alessano Lecce,6,MARSELLA Filippo,Setter,2002,185,LE,ITA,-,-
A3,2025/2026,Aurispa DFV Lecce,Alessano Lecce,7,GROTTOLI Lorenzo,Middleblocker,2000,194,RA,ITA,-,-
A3,2025/2026,Aurispa DFV Lecce,Alessano Lecce,8,SANTANGELO Andrea,Diagonto,1994,200,IS,ITA,from 21/12/2025,-
A3,2025/2026,Aurispa DFV Lecce,Alessano Lecce,9,MURABITO Edoardo,Middleblocker,2004,207,RM,ITA,-,-
A3,2025/2026,Aurispa DFV Lecce,Alessano Lecce,11,ORTO Simone,Spiker,2004,189,CT,ITA,-,-
A3,2025/2026,Aurispa DFV Lecce,Alessano Lecce,18,ZORNETTA Luciano,Spiker,1993,195,ARG,ARG,-,-
A3,2025/2026,Aurispa DFV Lecce,Alessano Lecce,19,MELLANO Daniele,Middleblocker,2002,205,TO,ITA,-,-
A3,2025/2026,Aurispa DFV Lecce,Alessano Lecce,22,QUARTA Riccardo,Diagonto,2001,197,LE,ITA,-,-
A3,2025/2026,Aurispa DFV Lecce,Alessano Lecce,8,CAVASIN Alberto,Diagonto,2001,196,VE,ITA,until 26/12/2025,-
A3,2025/2026,Avimecc Modica,Modica,1,BARRETTA Francesco,Spiker,2005,190,CE,ITA,-,-
A3,2025/2026,Avimecc Modica,Modica,2,RASO Andrea,Middleblocker,1996,193,AG,ITA,-,-
A3,2025/2026,Avimecc Modica,Modica,3,PAPPALARDO Biagio Ottaviano,Libero,2005,170,CT,ITA,-,-
A3,2025/2026,Avimecc Modica,Modica,4,BERTOZZI Lorenzo,Spiker,2002,195,PR,ITA,-,-
A3,2025/2026,Avimecc Modica,Modica,5,LUGLI Leonardo,Diagonto,1998,200,MN,ITA,-,-
A3,2025/2026,Avimecc Modica,Modica,6,PUTINI Pedro Luiz,Setter,1990,183,POR,BRA,-,-
A3,2025/2026,Avimecc Modica,Modica,7,CHILLEMI Stefano,Spiker,1999,194,RG,ITA,-,-
A3,2025/2026,Avimecc Modica,Modica,8,NASTASI Vincenzo,Libero,1995,182,TP,ITA,-,-
A3,2025/2026,Avimecc Modica,Modica,9,CIPOLLONI SAVE Alessandro,Setter,2003,180,VT,ITA,-,-
A3,2025/2026,Avimecc Modica,Modica,10,TOMASI Davide,Middleblocker,2005,195,RG,ITA,-,-
A3,2025/2026,Avimecc Modica,Modica,11,BUZZI Daniele,Middleblocker,2000,200,GE,ITA,-,-
A3,2025/2026,Avimecc Modica,Modica,13,ITALIA Gianmarco,Spiker,2007,190,SR,ITA,-,-
A3,2025/2026,Avimecc Modica,Modica,15,GAROFOLO Fabrizio,Middleblocker,1998,202,RM,ITA,-,-
A3,2025/2026,Avimecc Modica,Modica,22,MARIANO Pietronorio,Diagonto,1999,195,AV,ITA,-,-
A3,2025/2026,BCC Tecbus Castellana Grotte,Castellana Grotte New Mater,1,REALE Mattia,Spiker,2007,190,KR,ITA,-,-
A3,2025/2026,BCC Tecbus Castellana Grotte,Castellana Grotte New Mater,2,PASQUALI Lorenzo,Middleblocker,2000,200,AP,ITA,-,-
A3,2025/2026,BCC Tecbus Castellana Grotte,Castellana Grotte New Mater,6,GUADAGNINI Federico,Libero,2004,186,BR,ITA,-,-
A3,2025/2026,BCC Tecbus Castellana Grotte,Castellana Grotte New Mater,7,SANTOSTASI Davide,Libero,2007,184,BA,ITA,-,-
A3,2025/2026,BCC Tecbus Castellana Grotte,Castellana Grotte New Mater,8,PAVANI Filippo,Middleblocker,2001,198,FE,ITA,-,-
A3,2025/2026,BCC Tecbus Castellana Grotte,Castellana Grotte New Mater,9,CAPPADONA Stefano,Setter,2005,195,CS,ITA,-,-
A3,2025/2026,BCC Tecbus Castellana Grotte,Castellana Grotte New Mater,10,CHIAPELLO Luca,Spiker,2002,200,CN,ITA,-,-
A3,2025/2026,BCC Tecbus Castellana Grotte,Castellana Grotte New Mater,11,BARRETTA Gianmarco,Diagonto,2007,205,CE,ITA,-,-
A3,2025/2026,BCC Tecbus Castellana Grotte,Castellana Grotte New Mater,12,PICCHI Matteo,Setter,2008,190,LI,ITA,-,-
A3,2025/2026,BCC Tecbus Castellana Grotte,Castellana Grotte New Mater,13,BRUCINI Nicolas,Spiker,2004,198,BS,ITA,-,-
A3,2025/2026,BCC Tecbus Castellana Grotte,Castellana Grotte New Mater,14,ORLANDO BOSCARDINI Andrea,Middleblocker,2001,205,RI,ITA,-,-
A3,2025/2026,BCC Tecbus Castellana Grotte,Castellana Grotte New Mater,17,CASARO Nicolò,Diagonto,1994,199,PD,ITA,-,-
A3,2025/2026,BCC Tecbus Castellana Grotte,Castellana Grotte New Mater,18,IERVOLINO Riccardo,Spiker,2003,195,BS,ITA,-,-
A3,2025/2026,Domotek Reggio Calabria,Reggio Calabria,1,DE SANTIS Saverio,Libero,1999,175,RC,ITA,-,-
A3,2025/2026,Domotek Reggio Calabria,Reggio Calabria,2,MANCINELLI Matteo,Spiker,2003,194,AN,ITA,-,-
A3,2025/2026,Domotek Reggio Calabria,Reggio Calabria,4,SPINELLO Thomas,Setter,2004,188,VC,ITA,-,-
A3,2025/2026,Domotek Reggio Calabria,Reggio Calabria,5,GUARIENTI ZAPPOLI Enrico,Spiker,1995,194,BRA,BRA,-,-
A3,2025/2026,Domotek Reggio Calabria,Reggio Calabria,6,PRESTA Luca,Middleblocker,1995,202,CS,ITA,-,-
A3,2025/2026,Domotek Reggio Calabria,Reggio Calabria,7,LOPETRONE Massimiliano,Libero,2002,184,CS,ITA,-,-
A3,2025/2026,Domotek Reggio Calabria,Reggio Calabria,8,SAITTA Davide,Setter,1987,188,CT,ITA,-,-
A3,2025/2026,Domotek Reggio Calabria,Reggio Calabria,9,MOTTA Tommaso,Diagonto,2005,195,MB,ITA,from 05/12/2025,-
A3,2025/2026,Domotek Reggio Calabria,Reggio Calabria,10,INNOCENZI Andrea,Middleblocker,2000,203,MI,ITA,-,-
A3,2025/2026,Domotek Reggio Calabria,Reggio Calabria,12,CIARAMITA Francesco,Middleblocker,2002,199,MI,ITA,-,-
A3,2025/2026,Domotek Reggio Calabria,Reggio Calabria,14,LAGANÀ Domenico,Diagonto,1995,188,RC,ITA,-,-
A3,2025/2026,Domotek Reggio Calabria,Reggio Calabria,23,LAZZARETTO Enrico,Spiker,1995,198,PD,ITA,-,-
A3,2025/2026,Domotek Reggio Calabria,Reggio Calabria,29,RIGIROZZO Simone,Middleblocker,2006,204,RM,ITA,-,-
A3,2025/2026,Domotek Reggio Calabria,Reggio Calabria,35,PARRINI Giulio,Spiker,2005,198,TO,ITA,-,-
A3,2025/2026,Domotek Reggio Calabria,Reggio Calabria,25,STABRAWA Pawel,Diagonto,1996,203,POL,POL,until 05/12/2025,-
A3,2025/2026,EnergyTime Campobasso,Campobasso,2,VALCHINOV Kaloyan,Spiker,2004,196,BUL,BUL,-,-
A3,2025/2026,EnergyTime Campobasso,Campobasso,3,CONSONNI Luca,Libero,2003,185,MI,ITA,-,-
A3,2025/2026,EnergyTime Campobasso,Campobasso,4,CIAMPA Michele,Diagonto,2005,192,NA,ITA,-,-
A3,2025/2026,EnergyTime Campobasso,Campobasso,6,DEL FRA Antonio,Setter,1999,190,CH,ITA,-,-
A3,2025/2026,EnergyTime Campobasso,Campobasso,7,MORELLI Michele,Diagonto,1991,195,FG,ITA,-,-
A3,2025/2026,EnergyTime Campobasso,Campobasso,8,ZANNI Michael,Setter,1998,193,MO,ITA,from 11/12/2025,-
A3,2025/2026,EnergyTime Campobasso,Campobasso,9,SALVADOR Matteo,Spiker,2001,198,MB,ITA,-,-
A3,2025/2026,EnergyTime Campobasso,Campobasso,10,GRAZIANI Alessandro,Spiker,1991,193,GE,ITA,-,-
A3,2025/2026,EnergyTime Campobasso,Campobasso,12,RESCIGNANO Gianmarco,Spiker,1995,186,BN,ITA,-,-
A3,2025/2026,EnergyTime Campobasso,Campobasso,13,ARIENTI Alessandro,Middleblocker,1993,195,FC,ITA,-,-
A3,2025/2026,EnergyTime Campobasso,Campobasso,17,BARTOLINI Diego,Middleblocker,2005,198,PG,ITA,-,-
A3,2025/2026,EnergyTime Campobasso,Campobasso,21,ARETZ Riccardo,Middleblocker,2006,195,MB,ITA,-,-
A3,2025/2026,EnergyTime Campobasso,Campobasso,27,DE NIGRIS Mario,Libero,2006,176,CB,ITA,-,-
A3,2025/2026,EnergyTime Campobasso,Campobasso,41,COMETTI Nilo,Middleblocker,2008,198,CT,ITA,from 12/09/2025,-
A3,2025/2026,EnergyTime Campobasso,Campobasso,5,MELATO Pietro,Setter,2004,190,TO,ITA,until 06/01/2026,-
A3,2025/2026,EnergyTime Campobasso,Campobasso,1,DIANA Stefano,Middleblocker,1997,198,IS,ITA,until 12/09/2025,-
A3,2025/2026,Gaia Energy Napoli,Napoli,1,SAAR Kevin,Spiker,1995,191,EST,EST,from 15/01/2026,-
A3,2025/2026,Gaia Energy Napoli,Napoli,3,SACCONE Giuseppe,Middleblocker,1986,196,NA,ITA,-,-
A3,2025/2026,Gaia Energy Napoli,Napoli,4,DIDONATO Michele,Setter,2006,190,BT,ITA,from 15/11/2025,-
A3,2025/2026,Gaia Energy Napoli,Napoli,6,RUSSO Giacomo,Middleblocker,2005,200,NA,ITA,-,-
A3,2025/2026,Gaia Energy Napoli,Napoli,7,STARACE Simone,Spiker,1999,195,SA,ITA,-,-
A3,2025/2026,Gaia Energy Napoli,Napoli,8,PIAZZA Lorenzo,Setter,1992,182,PE,ITA,-,-
A3,2025/2026,Gaia Energy Napoli,Napoli,9,FERRI Stefano,Diagonto,2000,200,PU,ITA,-,-
A3,2025/2026,Gaia Energy Napoli,Napoli,10,ARDITO Francesco,Libero,1987,180,NA,ITA,-,-
A3,2025/2026,Gaia Energy Napoli,Napoli,11,LANCIANI Filippo,Middleblocker,2000,200,MC,ITA,-,-
A3,2025/2026,Gaia Energy Napoli,Napoli,12,SCITA Elia,Spiker,2002,196,PR,ITA,from 15/11/2025,-
A3,2025/2026,Gaia Energy Napoli,Napoli,14,ROMANO Luca,Spiker,2007,202,MI,ITA,-,-
A3,2025/2026,Gaia Energy Napoli,Napoli,18,VOLPE Andrea,Libero,2008,180,NA,ITA,-,-
A3,2025/2026,Gaia Energy Napoli,Napoli,20,ARGUELLES SANCHEZ Edwin,Diagonto,2003,199,CUB,ITA,from 23/12/2025,-
A3,2025/2026,Gaia Energy Napoli,Napoli,29,DARMOIS Arthur,Spiker,1992,198,FRA,FRA,until 04/01/2026,-
A3,2025/2026,Gaia Energy Napoli,Napoli,2,BALESTRA Giovanni,Setter,1988,181,NA,ITA,until 04/12/2025,-
A3,2025/2026,Gaia Energy Napoli,Napoli,20,VESPERO Gaetano,Diagonto,1981,192,NA,ITA,until 04/12/2025,-
A3,2025/2026,Green Volley Galatone,Galatone,1,DE GIORGI Francesco,Setter,2005,180,VV,ITA,-,-
A3,2025/2026,Green Volley Galatone,Galatone,2,GIULIANI Ludovico,Spiker,1998,182,MC,ITA,-,-
A3,2025/2026,Green Volley Galatone,Galatone,5,MUSARDO Donato,Middleblocker,1986,198,LE,ITA,-,-
A3,2025/2026,Green Volley Galatone,Galatone,6,DE COL Andrea,Middleblocker,2003,203,BL,ITA,-,-
A3,2025/2026,Green Volley Galatone,Galatone,7,PADURA DIAZ Williams,Diagonto,1986,200,CUB,ITA,-,-
A3,2025/2026,Green Volley Galatone,Galatone,8,BARONE Valerio,Libero,1992,186,LE,ITA,-,-
A3,2025/2026,Green Volley Galatone,Galatone,10,ALOISI Luciano Mario,Setter,2002,186,ARG,ITA,from 07/12/2025,-
A3,2025/2026,Green Volley Galatone,Galatone,11,PASSARI Luciano,Diagonto,2006,200,ME,ITA,-,-
A3,2025/2026,Green Volley Galatone,Galatone,12,COLACI Raffaele,Spiker,2007,197,LE,ITA,-,-
A3,2025/2026,Green Volley Galatone,Galatone,13,CACIAGLI Lorenzo,Middleblocker,2000,197,RE,ITA,-,-
A3,2025/2026,Green Volley Galatone,Galatone,14,MUSCATELLO Andrea,Libero,2008,178,LE,ITA,-,-
A3,2025/2026,Green Volley Galatone,Galatone,16,FRAGE RUBIN Daniel,Spiker,2006,200,ISR,ITA,-,-
A3,2025/2026,Green Volley Galatone,Galatone,17,MIRAGLIA Federico,Middleblocker,2005,202,LE,ITA,-,-
A3,2025/2026,Green Volley Galatone,Galatone,18,PROSPERI TURRI Francesco,Libero,2001,191,FI,ITA,from 30/12/2025,-
A3,2025/2026,Green Volley Galatone,Galatone,23,CREMONI Gianluca,Spiker,2007,200,LI,ITA,-,-
A3,2025/2026,Green Volley Galatone,Galatone,9,KINDGARD Martin Alberto,Setter,1986,193,ARG,ITA,until 05/12/2025,-
A3,2025/2026,JV Gioia Del Colle,Gioia Del Colle ,3,MARIANO Romolo,Spiker,1991,190,BG,ITA,-,-
A3,2025/2026,JV Gioia Del Colle,Gioia Del Colle ,5,MARRA Alberto,Middleblocker,1998,205,LE,ITA,-,-
A3,2025/2026,JV Gioia Del Colle,Gioia Del Colle ,6,FRUMUSELU Cristian,Middleblocker,1997,207,ROU,ITA,-,-
A3,2025/2026,JV Gioia Del Colle,Gioia Del Colle ,7,SETTE Felice,Spiker,1996,187,BA,ITA,-,-
A3,2025/2026,JV Gioia Del Colle,Gioia Del Colle ,8,LONGO Giuseppe,Setter,1998,188,BA,ITA,-,-
A3,2025/2026,JV Gioia Del Colle,Gioia Del Colle ,9,MILAN Sebastiano,Spiker,1995,203,TV,ITA,-,-
A3,2025/2026,JV Gioia Del Colle,Gioia Del Colle ,10,PARIS Matteo,Setter,1983,188,RM,ITA,-,-
A3,2025/2026,JV Gioia Del Colle,Gioia Del Colle ,11,PERSOGLIA Sandi,Middleblocker,1995,200,GO,ITA,-,-
A3,2025/2026,JV Gioia Del Colle,Gioia Del Colle ,13,CHINELLO Alessandro,Diagonto,2006,197,PD,ITA,-,-
A3,2025/2026,JV Gioia Del Colle,Gioia Del Colle ,14,PIERRI Francesco,Libero,1999,180,LE,ITA,-,-
A3,2025/2026,JV Gioia Del Colle,Gioia Del Colle ,15,CARTA Leonardo,Spiker,2003,190,SS,ITA,-,-
A3,2025/2026,JV Gioia Del Colle,Gioia Del Colle ,18,SABBI Giulio,Diagonto,1989,201,RM,ITA,from 28/11/2025,-
A3,2025/2026,JV Gioia Del Colle,Gioia Del Colle ,33,UTRO Vincenzo,Libero,1996,180,PA,ITA,-,-
A3,2025/2026,JV Gioia Del Colle,Gioia Del Colle ,1,SANTANGELO Andrea,Diagonto,1994,200,IS,ITA,until 20/12/2025,-
A3,2025/2026,Terni Volley Academy,Terni Volley Academy,1,TROIANI Tommaso,Setter,1995,178,TR,ITA,-,-
A3,2025/2026,Terni Volley Academy,Terni Volley Academy,2,TRAPPETTI Francesco,Libero,1992,170,TR,ITA,-,-
A3,2025/2026,Terni Volley Academy,Terni Volley Academy,3,BROCCATELLI Vittorio,Libero,2005,180,PG,ITA,-,-
A3,2025/2026,Terni Volley Academy,Terni Volley Academy,5,GIACOMINI Francesco,Middleblocker,2005,202,MC,ITA,-,-
A3,2025/2026,Terni Volley Academy,Terni Volley Academy,6,PICARDO Antonio,Middleblocker,1996,197,IS,ITA,-,-
A3,2025/2026,Terni Volley Academy,Terni Volley Academy,7,MARTINEZ Javier,Spiker,1995,190,ARG,ITA,-,-
A3,2025/2026,Terni Volley Academy,Terni Volley Academy,8,BIASOTTO Manuel,Middleblocker,2001,204,GE,ITA,-,-
A3,2025/2026,Terni Volley Academy,Terni Volley Academy,10,CIUPA Lukasz Gregorz,Spiker,1990,194,POL,POL,from 16/01/2026,-
A3,2025/2026,Terni Volley Academy,Terni Volley Academy,13,CAPOROSSI Umberto,Spiker,2006,195,VT,ITA,-,-
A3,2025/2026,Terni Volley Academy,Terni Volley Academy,15,HRISTOV Hristo,Spiker,2006,180,BUL,ITA,-,-
A3,2025/2026,Terni Volley Academy,Terni Volley Academy,17,BONTEMPO Lorenzo,Spiker,2007,196,TR,ITA,-,-
A3,2025/2026,Terni Volley Academy,Terni Volley Academy,19,MUGNOLO Mauro,Diagonto,1993,200,IS,ITA,from 30/12/2025,-
A3,2025/2026,Terni Volley Academy,Terni Volley Academy,45,CATINELLI GUGLIELMINETTI Mario,Setter,2000,190,RM,ITA,-,-
A3,2025/2026,Terni Volley Academy,Terni Volley Academy,9,IOVIENO Cristian,Diagonto,2002,200,PG,ITA,until 29/12/2025,-
A3,2025/2026,Terni Volley Academy,Terni Volley Academy,10,DARLACZI Ovidiu,Spiker,1999,202,ROU,ROU,from 21/11/2025 to 23/12/2025,-
A3,2025/2026,Terni Volley Academy,Terni Volley Academy,12,DI GIUNTA Andrea,Diagonto,2005,200,CT,ITA,until 21/11/2025,-
A3,2025/2026,Viridex Sabaudia,Sabaudia,3,STUFANO Alessandro,Middleblocker,2002,198,BA,ITA,-,-
A3,2025/2026,Viridex Sabaudia,Sabaudia,5,MARIANI Gabriele,Setter,2005,193,PI,ITA,-,-
A3,2025/2026,Viridex Sabaudia,Sabaudia,6,PANCIOCCO Marco Rocco,Spiker,1999,200,RM,ITA,-,-
A3,2025/2026,Viridex Sabaudia,Sabaudia,7,PILOTTO Enrico,Middleblocker,1998,198,PD,ITA,-,-
A3,2025/2026,Viridex Sabaudia,Sabaudia,10,SCHETTINO Stefano,Setter,1993,180,LT,ITA,from 20/12/2025,-
A3,2025/2026,Viridex Sabaudia,Sabaudia,11,NASARI Andrea,Spiker,1996,192,TO,ITA,-,-
A3,2025/2026,Viridex Sabaudia,Sabaudia,12,ONWUELO Samuel,Diagonto,1997,198,NGR,ITA,-,-
A3,2025/2026,Viridex Sabaudia,Sabaudia,14,SONCINI Marco,Spiker,1996,188,ARG,ITA,-,-
A3,2025/2026,Viridex Sabaudia,Sabaudia,15,RONDONI Andrea,Libero,1999,190,RM,ITA,-,-
A3,2025/2026,Viridex Sabaudia,Sabaudia,16,SERANGELI Alessandro,Diagonto,2001,195,RM,ITA,-,-
A3,2025/2026,Viridex Sabaudia,Sabaudia,18,DE VITO Armando,Middleblocker,2000,202,RM,ITA,-,-
A3,2025/2026,Viridex Sabaudia,Sabaudia,1,FATTORINI Lorenzo,Setter,2005,176,RM,ITA,until 23/12/2025,-
