Division,Season,Team,Club,No,Player,Role,Nationality,Height,Birth year,,,
A1,2025/2026,Bartoccini-Mc Restauri Perugia,Bartoccini Perugia,1,Aliz Kump,Centrale,HUN,185,2003,,,
A1,2025/2026,Bartoccini-Mc Restauri Perugia,Bartoccini Perugia,2,Sofia Turlà,Palleggiatrice,ITA,178,1998,,,
A1,2025/2026,Bartoccini-Mc Restauri Perugia,Bartoccini Perugia,3,Elena Perinelli,Schiacciatrice,ITA,181,1995,,,
A1,2025/2026,Bartoccini-Mc Restauri Perugia,Bartoccini Perugia,4,Nathalie Lemmens,Centrale,BEL,195,1995,,,
A1,2025/2026,Bartoccini-Mc Restauri Perugia,Bartoccini Perugia,5,Imma Sirressi,Libero,ITA,175,1990,,,
A1,2025/2026,Bartoccini-Mc Restauri Perugia,Bartoccini Perugia,9,Nika Markovic,Opposto,SLO,185,1997,,,
A1,2025/2026,Bartoccini-Mc Restauri Perugia,Bartoccini Perugia,10,Stefania Recchia,Libero,ITA,162,2005,,,
A1,2025/2026,Bartoccini-Mc Restauri Perugia,Bartoccini Perugia,11,Benedetta Bartolini,Centrale,ITA,184,1999,,,
A1,2025/2026,Bartoccini-Mc Restauri Perugia,Bartoccini Perugia,12,Alessia Mazzaro,Centrale,ITA,185,1998,,,
A1,2025/2026,Bartoccini-Mc Restauri Perugia,Bartoccini Perugia,13,Giulia Gennari,Palleggiatrice,ITA,184,1996,,,
A1,2025/2026,Bartoccini-Mc Restauri Perugia,Bartoccini Perugia,14,Alessia Fiesoli,Schiacciatrice,ITA,185,1994,,,
A1,2025/2026,Bartoccini-Mc Restauri Perugia,Bartoccini Perugia,16,Beatrice Gardini,Schiacciatrice,ITA,184,2003,,,
A1,2025/2026,Bergamo,Volley Bergamo 1991,1,Roberta Carraro,Palleggiatrice,ITA,181,1998,,,
A1,2025/2026,Bergamo,Volley Bergamo 1992,2,Chidera Blessing Eze,Palleggiatrice,ITA,181,2003,,,
A1,2025/2026,Bergamo,Volley Bergamo 1993,3,Alessia Bolzonetti,Schiacciatrice,ITA,187,2002,,,
A1,2025/2026,Bergamo,Volley Bergamo 1994,5,Kendall Kipp,Opposto,USA,196,2000,,,
A1,2025/2026,Bergamo,Volley Bergamo 1995,6,Federica Ferrario,Libero,ITA,162,2001,,,
A1,2025/2026,Bergamo,Volley Bergamo 1996,7,Jennifer Mosser,Schiacciatrice,USA,182,1998,,,
A1,2025/2026,Bergamo,Volley Bergamo 1997,8,Monique Strubbe,Centrale,GER,189,2001,,,
A1,2025/2026,Bergamo,Volley Bergamo 1998,9,Aurora Micheletti,Centrale,ITA,190,2005,,,
A1,2025/2026,Bergamo,Volley Bergamo 1999,10,Martina Armini,Libero,ITA,175,2002,,,
A1,2025/2026,Bergamo,Volley Bergamo 2000,13,Emilia Weske,Opposto,GER,188,2001,,,
A1,2025/2026,Bergamo,Volley Bergamo 2001,15,Linda Manfredini,Centrale,ITA,186,2006,,,
A1,2025/2026,Bergamo,Volley Bergamo 2002,16,Michaela Mlejnkova,Schiacciatrice,CZE,185,1996,,,
A1,2025/2026,Bergamo,Volley Bergamo 2003,17,Denise Meli,Centrale,ITA,183,2001,,,
A1,2025/2026,Bergamo,Volley Bergamo 2004,26,Ailama Cese Montalvo,Schiacciatrice,CUB,190,2000,,,
A1,2025/2026,Cbf Balducci Hr Macerata,Helvia Recina Volley Macerata,1,Giulia Bresciani,Libero,ITA,165,1992,,,
A1,2025/2026,Cbf Balducci Hr Macerata,Helvia Recina Volley Macerata,3,Ilaria Batte,Palleggiatrice,ITA,185,2005,,,
A1,2025/2026,Cbf Balducci Hr Macerata,Helvia Recina Volley Macerata,4,Ludovica Sismondi,Centrale,ITA,191,2007,,,
A1,2025/2026,Cbf Balducci Hr Macerata,Helvia Recina Volley Macerata,6,Isidora Kockarevic,Schiacciatrice,SRB,185,2002,,,
A1,2025/2026,Cbf Balducci Hr Macerata,Helvia Recina Volley Macerata,7,Asia Bonelli,Palleggiatrice,ITA,181,2000,,,
A1,2025/2026,Cbf Balducci Hr Macerata,Helvia Recina Volley Macerata,8,Alessia Mazzon,Centrale,ITA,184,1998,,,
A1,2025/2026,Cbf Balducci Hr Macerata,Helvia Recina Volley Macerata,9,Nicole Piomboni,Schiacciatrice,ITA,182,2005,,,
A1,2025/2026,Cbf Balducci Hr Macerata,Helvia Recina Volley Macerata,10,Natasza Ornoch,Schiacciatrice,POL,189,2007,,,Pallavolo Pinerolo
A1,2025/2026,Cbf Balducci Hr Macerata,Helvia Recina Volley Macerata,14,Giorgia Caforio,Libero,ITA,168,1994,,,
A1,2025/2026,Cbf Balducci Hr Macerata,Helvia Recina Volley Macerata,16,Emma Scarlett Clothier,Centrale,USA,188,2001,,,
A1,2025/2026,Cbf Balducci Hr Macerata,Helvia Recina Volley Macerata,17,Clara Decortes,Opposto,ITA,183,1996,,,
A1,2025/2026,Eurotek Laica Uyba,Uyba Busto Arsizio,1,Valeria Battista,Schiacciatrice,ITA,179,2001,,,
A1,2025/2026,Eurotek Laica Uyba,Uyba Busto Arsizio,2,Federica Pelloni,Libero,ITA,172,2002,,,
A1,2025/2026,Eurotek Laica Uyba,Uyba Busto Arsizio,3,Alessia Gennari,Schiacciatrice,ITA,184,1991,,,
A1,2025/2026,Eurotek Laica Uyba,Uyba Busto Arsizio,4,Mariam Metwally,Schiacciatrice,EGY,184,1999,,,
A1,2025/2026,Eurotek Laica Uyba,Uyba Busto Arsizio,5,Nanami Seki,Palleggiatrice,JPN,171,1999,,,
A1,2025/2026,Eurotek Laica Uyba,Uyba Busto Arsizio,7,Valentina Diouf,Opposto,ITA,202,1993,,,
A1,2025/2026,Eurotek Laica Uyba,Uyba Busto Arsizio,8,Dana Schmit,Palleggiatrice,AUT,178,1997,,,
A1,2025/2026,Eurotek Laica Uyba,Uyba Busto Arsizio,10,Francesca Parlangeli,Libero,ITA,165,1990,,,
A1,2025/2026,Eurotek Laica Uyba,Uyba Busto Arsizio,11,Josephine Obossa,Opposto,ITA,183,1999,,,
A1,2025/2026,Eurotek Laica Uyba,Uyba Busto Arsizio,17,Katja Eckl,Centrale,ITA,188,2003,,,
A1,2025/2026,Eurotek Laica Uyba,Uyba Busto Arsizio,18,Alice Torcolacci,Centrale,ITA,184,2000,,,
A1,2025/2026,Eurotek Laica Uyba,Uyba Busto Arsizio,19,Jennifer Boldini,Palleggiatrice,ITA,187,1999,,,
A1,2025/2026,Eurotek Laica Uyba,Uyba Busto Arsizio,23,Melanie Parra,Schiacciatrice,MEX,181,2002,,,
A1,2025/2026,Eurotek Laica Uyba,Uyba Busto Arsizio,52,Carter Booth,Centrale,USA,201,2003,,,
A1,2025/2026,Honda Cuneo Granda Volley,Honda Cuneo Granda Volley,1,Ela Koulisiani,Centrale,CZE,188,2002,,,
A1,2025/2026,Honda Cuneo Granda Volley,Honda Cuneo Granda Volley,2,Jaelyn Keene,Centrale,USA,188,1995,,,
A1,2025/2026,Honda Cuneo Granda Volley,Honda Cuneo Granda Volley,3,Princess Atamah,Centrale,ITA,186,2005,,,
A1,2025/2026,Honda Cuneo Granda Volley,Honda Cuneo Granda Volley,4,Jessica Rivero,Schiacciatrice,ESP,181,1995,,,
A1,2025/2026,Honda Cuneo Granda Volley,Honda Cuneo Granda Volley,5,Margarita Martinez,Schiacciatrice,COL,180,1995,,,
A1,2025/2026,Honda Cuneo Granda Volley,Honda Cuneo Granda Volley,6,Nova Marring,Schiacciatrice,NED,186,2001,,,
A1,2025/2026,Honda Cuneo Granda Volley,Honda Cuneo Granda Volley,7,Erika Pritchard,Schiacciatrice,USA,192,1999,,,
A1,2025/2026,Honda Cuneo Granda Volley,Honda Cuneo Granda Volley,8,Linda Magnani,Libero,ITA,158,2007,,,
A1,2025/2026,Honda Cuneo Granda Volley,Honda Cuneo Granda Volley,9,Safa Allaoui,Palleggiatrice,ITA,185,2006,,,
A1,2025/2026,Honda Cuneo Granda Volley,Honda Cuneo Granda Volley,10,Anna Bardaro,Libero,ITA,177,2005,,,
A1,2025/2026,Honda Cuneo Granda Volley,Honda Cuneo Granda Volley,11,Agnese Cecconello,Centrale,ITA,190,1999,,,
A1,2025/2026,Honda Cuneo Granda Volley,Honda Cuneo Granda Volley,12,Masa Pucelj,Schiacciatrice,SLO,188,2006,,,
A1,2025/2026,Honda Cuneo Granda Volley,Honda Cuneo Granda Volley,13,Noemi Signorile,Palleggiatrice,ITA,183,1990,,,
A1,2025/2026,Honda Cuneo Granda Volley,Honda Cuneo Granda Volley,18,Binto Diop,Opposto,ITA,194,2002,,,
A1,2025/2026,Igor Gorgonzola Novara,Igor Novara,2,Silke Van Avermaet,Centrale,BEL,192,1999,,,
A1,2025/2026,Igor Gorgonzola Novara,Igor Novara,3,Carlotta Cambi,Palleggiatrice,ITA,176,1996,,,
A1,2025/2026,Igor Gorgonzola Novara,Igor Novara,4,Britt Herbots,Schiacciatrice,BEL,182,1999,,,
A1,2025/2026,Igor Gorgonzola Novara,Igor Novara,5,Federica Squarcini,Centrale,ITA,183,2000,,,
A1,2025/2026,Igor Gorgonzola Novara,Igor Novara,6,Giulia De Nardi,Libero,ITA,171,1994,,,
A1,2025/2026,Igor Gorgonzola Novara,Igor Novara,8,Giulia Leonardi,Libero,ITA,165,1987,,,
A1,2025/2026,Igor Gorgonzola Novara,Igor Novara,9,Lina Alsmeier,Schiacciatrice,GER,189,2000,,,
A1,2025/2026,Igor Gorgonzola Novara,Igor Novara,10,Mayu Ishikawa,Schiacciatrice,JPN,174,2000,,,
A1,2025/2026,Igor Gorgonzola Novara,Igor Novara,11,Taylor Mims,Opposto,USA,190,1997,,,
A1,2025/2026,Igor Gorgonzola Novara,Igor Novara,13,Sara Bonifacio,Centrale,ITA,185,1996,,,
A1,2025/2026,Igor Gorgonzola Novara,Igor Novara,14,Giulia Carraro,Palleggiatrice,ITA,175,1994,,,
A1,2025/2026,Igor Gorgonzola Novara,Igor Novara,16,Indy Baijens,Centrale,NED,193,2001,,,
A1,2025/2026,Igor Gorgonzola Novara,Igor Novara,17,Tatiana Tolok,Opposto,RUS,192,2003,,,
A1,2025/2026,Igor Gorgonzola Novara,Igor Novara,18,Veronica Costantini,Centrale,ITA,191,2003,,,
A1,2025/2026,Igor Gorgonzola Novara,Igor Novara,98,Giulia Melli,Schiacciatrice,ITA,185,1998,,,
A1,2025/2026,Il Bisonte Firenze,Azzurra Volley Firenze,1,Nausica Acciarri,Centrale,ITA,186,2004,,,
A1,2025/2026,Il Bisonte Firenze,Azzurra Volley Firenze,4,Rachele Morello,Palleggiatrice,ITA,182,2000,,,
A1,2025/2026,Il Bisonte Firenze,Azzurra Volley Firenze,5,Sofia Valoppi,Libero,ITA,167,2003,,,
A1,2025/2026,Il Bisonte Firenze,Azzurra Volley Firenze,7,Agata Zuccarelli,Opposto,ITA,180,1995,,,
A1,2025/2026,Il Bisonte Firenze,Azzurra Volley Firenze,8,Alessandra Colzi,Centrale,ITA,180,1997,,,
A1,2025/2026,Il Bisonte Firenze,Azzurra Volley Firenze,9,Francesca Villani,Schiacciatrice,ITA,187,1995,,,
A1,2025/2026,Il Bisonte Firenze,Azzurra Volley Firenze,10,Jolien Knollema,Schiacciatrice,NED,189,2003,,,
A1,2025/2026,Il Bisonte Firenze,Azzurra Volley Firenze,12,Ana Malesevic,Centrale,SRB,194,2002,,,
A1,2025/2026,Il Bisonte Firenze,Azzurra Volley Firenze,13,Vanja Bukilic,Opposto,SRB,198,1999,,,
A1,2025/2026,Il Bisonte Firenze,Azzurra Volley Firenze,14,Alice Tanase,Schiacciatrice,ITA,183,2000,,,
A1,2025/2026,Il Bisonte Firenze,Azzurra Volley Firenze,15,Begum Kacmaz,Centrale,TUR,188,2007,,,
A1,2025/2026,Il Bisonte Firenze,Azzurra Volley Firenze,17,Bianca Lapini,Libero,ITA,183,2002,,,
A1,2025/2026,Il Bisonte Firenze,Azzurra Volley Firenze,19,Beatrice Agrifoglio,Palleggiatrice,ITA,178,1994,,,
A1,2025/2026,Megabox Ond. Savio Vallefoglia,Megabox Vallefoglia,1,Erblira Bici,Opposto,ALB,185,1995,,,
A1,2025/2026,Megabox Ond. Savio Vallefoglia,Megabox Vallefoglia,4,Alice Feduzzi,Libero,ITA,164,2006,,,
A1,2025/2026,Megabox Ond. Savio Vallefoglia,Megabox Vallefoglia,5,Federica Carletti,Schiacciatrice,ITA,184,2000,,,
A1,2025/2026,Megabox Ond. Savio Vallefoglia,Megabox Vallefoglia,6,Gaia Giovannini,Schiacciatrice,ITA,182,2001,,,
A1,2025/2026,Megabox Ond. Savio Vallefoglia,Megabox Vallefoglia,7,Chiara De Bortoli,Libero,ITA,176,1997,,,
A1,2025/2026,Megabox Ond. Savio Vallefoglia,Megabox Vallefoglia,8,Sonia Candi,Centrale,ITA,187,1993,,,
A1,2025/2026,Megabox Ond. Savio Vallefoglia,Megabox Vallefoglia,9,Valentina Bartolucci,Palleggiatrice,ITA,181,2003,,,
A1,2025/2026,Megabox Ond. Savio Vallefoglia,Megabox Vallefoglia,11,Nyadholi Thokbuom,Centrale,CAN,188,2000,,,
A1,2025/2026,Megabox Ond. Savio Vallefoglia,Megabox Vallefoglia,14,Bozana Butigan,Centrale,CRO,192,2000,,,
A1,2025/2026,Megabox Ond. Savio Vallefoglia,Megabox Vallefoglia,16,Tsvetomira Mitkova,Centrale,BUL,187,2004,,,
A1,2025/2026,Megabox Ond. Savio Vallefoglia,Megabox Vallefoglia,19,Adelina Ungureanu,Schiacciatrice,ROM,187,2000,,,
A1,2025/2026,Megabox Ond. Savio Vallefoglia,Megabox Vallefoglia,20,Mikaela Stoyanova,Opposto,BUL,194,2005,,,
A1,2025/2026,Megabox Ond. Savio Vallefoglia,Megabox Vallefoglia,21,Loveth Oghosasere Omoruyi,Schiacciatrice,ITA,184,2002,,,
A1,2025/2026,Megabox Ond. Savio Vallefoglia,Megabox Vallefoglia,22,Raquel Lazàro Castellanos,Palleggiatrice,ESP,185,2000,,,
A1,2025/2026,Numia Vero Volley Milano,Vero Volley,1,Kamerynn Miner,Palleggiatrice,USA,183,2003,,,
A1,2025/2026,Numia Vero Volley Milano,Vero Volley,2,Juliette Gelin,Libero,FRA,165,2001,,,
A1,2025/2026,Numia Vero Volley Milano,Vero Volley,4,Francesca Bosio,Palleggiatrice,ITA,180,1997,,,
A1,2025/2026,Numia Vero Volley Milano,Vero Volley,6,Nicole Modesti,Centrale,ITA,188,2004,,,
A1,2025/2026,Numia Vero Volley Milano,Vero Volley,7,Elena Pietrini,Schiacciatrice,ITA,188,2000,,,
A1,2025/2026,Numia Vero Volley Milano,Vero Volley,10,Benedetta Maria Sartori,Centrale,ITA,187,2001,,,
A1,2025/2026,Numia Vero Volley Milano,Vero Volley,11,Anna Danesi,Centrale,ITA,196,1996,,,
A1,2025/2026,Numia Vero Volley Milano,Vero Volley,14,Hena Kurtagic,Centrale,SRB,195,2004,,,
A1,2025/2026,Numia Vero Volley Milano,Vero Volley,15,Emma Cagnin,Schiacciatrice,ITA,186,2002,,,
A1,2025/2026,Numia Vero Volley Milano,Vero Volley,16,Khalia Lanier,Schiacciatrice,USA,186,1998,,,
A1,2025/2026,Numia Vero Volley Milano,Vero Volley,18,Paola Egonu,Opposto,ITA,193,1998,,,
A1,2025/2026,Numia Vero Volley Milano,Vero Volley,19,Vita Akimova,Opposto,RUS,197,2002,,,
A1,2025/2026,Numia Vero Volley Milano,Vero Volley,25,Rebecca Piva,Schiacciatrice,ITA,186,2001,,,
A1,2025/2026,Numia Vero Volley Milano,Vero Volley,80,Eleonora Fersino,Libero,ITA,169,2000,,,
A1,2025/2026,Omag-Mt San Giovanni In M.No,San Giovanni In Marignano,1,Serena Ortolani,Opposto,ITA,187,1987,,,
A1,2025/2026,Omag-Mt San Giovanni In M.No,San Giovanni In Marignano,2,Martina Bracchi,Schiacciatrice,ITA,182,2002,,,
A1,2025/2026,Omag-Mt San Giovanni In M.No,San Giovanni In Marignano,4,Cecilia Nicolini,Palleggiatrice,ITA,181,1994,,,
A1,2025/2026,Omag-Mt San Giovanni In M.No,San Giovanni In Marignano,6,Edinara Brancher,Opposto,BRA,184,1996,,,
A1,2025/2026,Omag-Mt San Giovanni In M.No,San Giovanni In Marignano,8,Anna Piovesan,Schiacciatrice,ITA,188,2004,,,
A1,2025/2026,Omag-Mt San Giovanni In M.No,San Giovanni In Marignano,9,Sveva Parini,Centrale,ITA,185,2001,,,
A1,2025/2026,Omag-Mt San Giovanni In M.No,San Giovanni In Marignano,10,Dalia Wilson,Centrale,TUR,194,2004,,,
A1,2025/2026,Omag-Mt San Giovanni In M.No,San Giovanni In Marignano,11,Elizaveta Kochurina,Centrale,RUS,190,2002,,,
A1,2025/2026,Omag-Mt San Giovanni In M.No,San Giovanni In Marignano,12,Agata Tellone,Libero,ITA,165,2002,,,
A1,2025/2026,Omag-Mt San Giovanni In M.No,San Giovanni In Marignano,13,Sara Panetoni,Libero,ITA,177,2000,,,
A1,2025/2026,Omag-Mt San Giovanni In M.No,San Giovanni In Marignano,16,Sara Caruso,Centrale,ITA,193,2001,,,
A1,2025/2026,Omag-Mt San Giovanni In M.No,San Giovanni In Marignano,17,Alice Nardo,Schiacciatrice,ITA,182,2002,,,
A1,2025/2026,Prosecco Doc A.Carraro Imoco Conegliano,Imoco Volley Conegliano,1,Gabriela Braga Guimaraes,Schiacciatrice,BRA,183,1994,,,
A1,2025/2026,Prosecco Doc A.Carraro Imoco Conegliano,Imoco Volley Conegliano,4,Ting Zhu,Schiacciatrice,CHN,198,1994,,,
A1,2025/2026,Prosecco Doc A.Carraro Imoco Conegliano,Imoco Volley Conegliano,5,Serena Scognamillo,Libero,ITA,170,2001,,,
A1,2025/2026,Prosecco Doc A.Carraro Imoco Conegliano,Imoco Volley Conegliano,6,Jenna Ewert,Palleggiatrice,USA,179,2000,,,
A1,2025/2026,Prosecco Doc A.Carraro Imoco Conegliano,Imoco Volley Conegliano,9,Marina Lubian,Centrale,ITA,192,2000,,,
A1,2025/2026,Prosecco Doc A.Carraro Imoco Conegliano,Imoco Volley Conegliano,10,Monica De Gennaro,Libero,ITA,173,1987,,,
A1,2025/2026,Prosecco Doc A.Carraro Imoco Conegliano,Imoco Volley Conegliano,11,Isabelle Haak,Opposto,SWE,194,1999,,,
A1,2025/2026,Prosecco Doc A.Carraro Imoco Conegliano,Imoco Volley Conegliano,13,Matilde Munarini,Centrale,ITA,186,2004,,,
A1,2025/2026,Prosecco Doc A.Carraro Imoco Conegliano,Imoco Volley Conegliano,14,Joanna Wolosz,Palleggiatrice,POL,181,1990,,,
A1,2025/2026,Prosecco Doc A.Carraro Imoco Conegliano,Imoco Volley Conegliano,15,Merit Chinenyenwa Adigwe,Opposto,ITA,183,2006,,,
A1,2025/2026,Prosecco Doc A.Carraro Imoco Conegliano,Imoco Volley Conegliano,16,Nika Daalderop,Schiacciatrice,NED,190,1998,,,
A1,2025/2026,Prosecco Doc A.Carraro Imoco Conegliano,Imoco Volley Conegliano,18,Cristina Chirichella,Centrale,ITA,195,1994,,,
A1,2025/2026,Prosecco Doc A.Carraro Imoco Conegliano,Imoco Volley Conegliano,19,Sarah Fahr,Centrale,ITA,192,2001,,,
A1,2025/2026,Prosecco Doc A.Carraro Imoco Conegliano,Imoco Volley Conegliano,23,Fatoumatta Sillah,Schiacciatrice,SLO,186,2002,,,
A1,2025/2026,Reale Mutua Fenera Chieri '76,Fenera Chieri '76,1,Karla Antunovic,Palleggiatrice,CRO,183,2002,,,
A1,2025/2026,Reale Mutua Fenera Chieri '76,Fenera Chieri '76,2,Alice Degradi,Schiacciatrice,ITA,181,1996,,,
A1,2025/2026,Reale Mutua Fenera Chieri '76,Fenera Chieri '76,4,Laura Kunzler,Schiacciatrice,SUI,189,1996,,,
A1,2025/2026,Reale Mutua Fenera Chieri '76,Fenera Chieri '76,5,Ilaria Spirito,Libero,ITA,175,1994,,,
A1,2025/2026,Reale Mutua Fenera Chieri '76,Fenera Chieri '76,7,Sofia Ferrarini,Centrale,ITA,186,2001,,,
A1,2025/2026,Reale Mutua Fenera Chieri '76,Fenera Chieri '76,8,Carola Bonafede,Libero,ITA,175,2007,,,
A1,2025/2026,Reale Mutua Fenera Chieri '76,Fenera Chieri '76,9,Sara Alberti,Centrale,ITA,185,1993,,,
A1,2025/2026,Reale Mutua Fenera Chieri '76,Fenera Chieri '76,10,Sarah Van Aalen,Palleggiatrice,NED,186,2000,,,
A1,2025/2026,Reale Mutua Fenera Chieri '76,Fenera Chieri '76,11,Stella Nervini,Schiacciatrice,ITA,184,2003,,,
A1,2025/2026,Reale Mutua Fenera Chieri '76,Fenera Chieri '76,12,Halimatou Bah,Schiacciatrice,FRA,187,2003,,,
A1,2025/2026,Reale Mutua Fenera Chieri '76,Fenera Chieri '76,13,Anett Németh,Opposto,HUN,188,1999,,,
A1,2025/2026,Reale Mutua Fenera Chieri '76,Fenera Chieri '76,14,Anastasia Cekulaev,Centrale,GER,191,2003,,,
A1,2025/2026,Reale Mutua Fenera Chieri '76,Fenera Chieri '76,15,Elles Dambrink,Opposto,NED,187,2003,,,
A1,2025/2026,Reale Mutua Fenera Chieri '76,Fenera Chieri '76,17,Anna Gray,Centrale,ITA,187,1996,,,
A1,2025/2026,Savino Del Bene Scandicci,Savino Del Bene Scandicci,2,Gaia Traballi,Schiacciatrice,ITA,183,1997,,,
A1,2025/2026,Savino Del Bene Scandicci,Savino Del Bene Scandicci,3,Marta Bechis,Palleggiatrice,ITA,180,1989,,,
A1,2025/2026,Savino Del Bene Scandicci,Savino Del Bene Scandicci,4,Avery Skinner,Schiacciatrice,USA,186,1999,,,
A1,2025/2026,Savino Del Bene Scandicci,Savino Del Bene Scandicci,5,Brenda Castillo,Libero,DOM,167,1992,,,
A1,2025/2026,Savino Del Bene Scandicci,Savino Del Bene Scandicci,6,Lindsey Ora Ruddins,Opposto,USA,188,1997,,,
A1,2025/2026,Savino Del Bene Scandicci,Savino Del Bene Scandicci,7,Sarah Franklin,Schiacciatrice,USA,193,2002,,,
A1,2025/2026,Savino Del Bene Scandicci,Savino Del Bene Scandicci,8,Manuela Ribechi,Libero,ITA,172,2004,,,
A1,2025/2026,Savino Del Bene Scandicci,Savino Del Bene Scandicci,9,Caterina Bosetti,Schiacciatrice,ITA,180,1994,,,
A1,2025/2026,Savino Del Bene Scandicci,Savino Del Bene Scandicci,10,Maja Ognjenovic,Palleggiatrice,SRB,183,1984,,,
A1,2025/2026,Savino Del Bene Scandicci,Savino Del Bene Scandicci,11,Giulia Mancini,Centrale,ITA,183,1998,,,
A1,2025/2026,Savino Del Bene Scandicci,Savino Del Bene Scandicci,13,Emma Graziani,Centrale,ITA,193,2002,,,
A1,2025/2026,Savino Del Bene Scandicci,Savino Del Bene Scandicci,14,Linda Nwakalor,Centrale,ITA,187,2002,,,
A1,2025/2026,Savino Del Bene Scandicci,Savino Del Bene Scandicci,17,Ekaterina Antropova,Opposto,ITA,202,2003,,,
A1,2025/2026,Savino Del Bene Scandicci,Savino Del Bene Scandicci,21,Camilla Weitzel,Centrale,GER,195,2000,,,
A1,2025/2026,Wash4green Monviso Volley,Pallavolo Pinerolo,1,Ulrike Bridi,Palleggiatrice,ITA,182,1998,,,
A1,2025/2026,Wash4green Monviso Volley,Pallavolo Pinerolo,2,Anna Dodson,Centrale,USA,196,2001,,,
A1,2025/2026,Wash4green Monviso Volley,Pallavolo Pinerolo,5,Mija Siftar,Schiacciatrice,SLO,189,2006,,,
A1,2025/2026,Wash4green Monviso Volley,Pallavolo Pinerolo,6,Sofia D'Odorico,Schiacciatrice,ITA,186,1997,,,
A1,2025/2026,Wash4green Monviso Volley,Pallavolo Pinerolo,7,Amandha Sylves,Centrale,FRA,196,2000,,,
A1,2025/2026,Wash4green Monviso Volley,Pallavolo Pinerolo,8,Silvia Bussoli,Schiacciatrice,ITA,184,1993,,,
A1,2025/2026,Wash4green Monviso Volley,Pallavolo Pinerolo,9,Ilaria Battistoni,Palleggiatrice,ITA,174,1996,,,
A1,2025/2026,Wash4green Monviso Volley,Pallavolo Pinerolo,10,Ilenia Moro,Libero,ITA,178,1999,,,
A1,2025/2026,Wash4green Monviso Volley,Pallavolo Pinerolo,11,Lena Kindermann,Opposto,GER,190,1999,,,
A1,2025/2026,Wash4green Monviso Volley,Pallavolo Pinerolo,12,Danielle Harbin,Opposto,USA,185,1995,,,
A1,2025/2026,Wash4green Monviso Volley,Pallavolo Pinerolo,15,Rebecca Scialanca,Libero,ITA,165,2005,,,
A1,2025/2026,Wash4green Monviso Volley,Pallavolo Pinerolo,16,Elena Rapello,Centrale,ITA,186,2008,,,
A1,2025/2026,Wash4green Monviso Volley,Pallavolo Pinerolo,18,Yasmina Akrari,Centrale,ITA,185,1993,,,
A1,2025/2026,Wash4green Monviso Volley,Pallavolo Pinerolo,21,Anna Davyskiba,Schiacciatrice,BLR,188,2000,,,
A1,2025/2026,Wash4green Monviso Volley,Pallavolo Pinerolo,23,Elza Reknere,Palleggiatrice,LAT,178,2002,,,
A2 GroupA,2025/2026,C.B.L. Costa Volpino,Pallavolo C.B.L Costa Volpino,1,Regla Flavia Martinez Ortiz,Schiacciatrice,CUB,180,1999,,,
A2 GroupA,2025/2026,C.B.L. Costa Volpino,Pallavolo C.B.L Costa Volpino,3,Nicole Gamba,Libero,ITA,171,1998,,,
A2 GroupA,2025/2026,C.B.L. Costa Volpino,Pallavolo C.B.L Costa Volpino,5,Francesca Dell'Orto,Palleggiatrice,ITA,180,2003,,,
A2 GroupA,2025/2026,C.B.L. Costa Volpino,Pallavolo C.B.L Costa Volpino,6,Margherita Giani,Centrale,ITA,180,2001,,,
A2 GroupA,2025/2026,C.B.L. Costa Volpino,Pallavolo C.B.L Costa Volpino,7,Nicole Busetti,Libero,ITA,173,2005,,,
A2 GroupA,2025/2026,C.B.L. Costa Volpino,Pallavolo C.B.L Costa Volpino,8,Carolina Fumagalli,Schiacciatrice,ITA,180,2004,,,
A2 GroupA,2025/2026,C.B.L. Costa Volpino,Pallavolo C.B.L Costa Volpino,9,Gaia Dell'Amico,Palleggiatrice,ITA,174,2000,,,
A2 GroupA,2025/2026,C.B.L. Costa Volpino,Pallavolo C.B.L Costa Volpino,10,Lena Grosse Scharmann,Opposto,GER,187,1998,,,
A2 GroupA,2025/2026,C.B.L. Costa Volpino,Pallavolo C.B.L Costa Volpino,11,Valeria Pizzolato,Centrale,ITA,182,1999,,,
A2 GroupA,2025/2026,C.B.L. Costa Volpino,Pallavolo C.B.L Costa Volpino,12,Federica Favaretto,Opposto,ITA,185,2002,,,
A2 GroupA,2025/2026,C.B.L. Costa Volpino,Pallavolo C.B.L Costa Volpino,13,Aurora Pistolesi,Schiacciatrice,ITA,182,1999,,,
A2 GroupA,2025/2026,C.B.L. Costa Volpino,Pallavolo C.B.L Costa Volpino,16,Linda Mangani,Schiacciatrice,ITA,184,2000,,,
A2 GroupA,2025/2026,C.B.L. Costa Volpino,Pallavolo C.B.L Costa Volpino,17,Margherita Brandi,Centrale,ITA,183,2002,,,
A2 GroupA,2025/2026,Clerici Auto Concorezzo,Concorezzo,1,Nicole Da Pos,Palleggiatrice,ITA,182,2007,,,
A2 GroupA,2025/2026,Clerici Auto Concorezzo,Concorezzo,2,Martina Veneriano,Centrale,ITA,182,1995,,,
A2 GroupA,2025/2026,Clerici Auto Concorezzo,Concorezzo,3,Giulia Bianchi,Schiacciatrice,ITA,182,2006,,,
A2 GroupA,2025/2026,Clerici Auto Concorezzo,Concorezzo,5,Bianca Bucciarelli,Schiacciatrice,ITA,185,2001,,,
A2 GroupA,2025/2026,Clerici Auto Concorezzo,Concorezzo,7,Erika Ghezzi,Opposto,ITA,184,1995,,,
A2 GroupA,2025/2026,Clerici Auto Concorezzo,Concorezzo,9,Giorgia Bernasconi,Centrale,ITA,184,2001,,,
A2 GroupA,2025/2026,Clerici Auto Concorezzo,Concorezzo,10,Sara Stival,Opposto,ITA,182,2001,,,
A2 GroupA,2025/2026,Clerici Auto Concorezzo,Concorezzo,11,Roberta Purashaj,Palleggiatrice,ITA,182,2003,,,
A2 GroupA,2025/2026,Clerici Auto Concorezzo,Concorezzo,13,Francesca Trevisan,Schiacciatrice,ITA,180,1995,,,
A2 GroupA,2025/2026,Clerici Auto Concorezzo,Concorezzo,17,Anna Rocca,Libero,ITA,168,2002,,,
A2 GroupA,2025/2026,Clerici Auto Concorezzo,Concorezzo,19,Fiorella Bizzotto,Centrale,ITA,186,2005,,,
A2 GroupA,2025/2026,Clerici Auto Concorezzo,Concorezzo,20,Aurora Brambilla,Libero,ITA,170,2007,,,
A2 GroupA,2025/2026,Club Italia,Club Italia,1,Asia Spaziano,Palleggiatrice,ITA,188,2007,,,
A2 GroupA,2025/2026,Club Italia,Club Italia,2,Sara Cakovic,Palleggiatrice,ITA,182,2007,,,
A2 GroupA,2025/2026,Club Italia,Club Italia,3,Stella Caruso,Schiacciatrice,ITA,192,2008,,,
A2 GroupA,2025/2026,Club Italia,Club Italia,4,Caterina Peroni,Schiacciatrice,ITA,186,2007,,,
A2 GroupA,2025/2026,Club Italia,Club Italia,5,Beatrice Spada,Opposto,ITA,189,2007,,,
A2 GroupA,2025/2026,Club Italia,Club Italia,6,Maria Solovei,Opposto,UKR,196,2009,,,
A2 GroupA,2025/2026,Club Italia,Club Italia,7,Martina Susio,Schiacciatrice,ITA,190,2007,,,
A2 GroupA,2025/2026,Club Italia,Club Italia,9,Veronica Quero,Centrale,ITA,191,2007,,,
A2 GroupA,2025/2026,Club Italia,Club Italia,10,Ludovica Tosini,Schiacciatrice,ITA,192,2008,,,
A2 GroupA,2025/2026,Club Italia,Club Italia,11,Arianna Bovolenta,Centrale,ITA,190,2008,,,
A2 GroupA,2025/2026,Club Italia,Club Italia,13,Alessia Regoni,Libero,ITA,171,2006,,,
A2 GroupA,2025/2026,Club Italia,Club Italia,14,Emma Magnabosco,Palleggiatrice,ITA,178,2006,,,
A2 GroupA,2025/2026,Club Italia,Club Italia,16,Giorgia Sari,Centrale,ITA,189,2008,,,
A2 GroupA,2025/2026,Club Italia,Club Italia,17,Sofia Moss,Schiacciatrice,ITA,183,2007,,,
A2 GroupA,2025/2026,Club Italia,Club Italia,18,Miranda Zanella,Centrale,ITA,188,2008,,,
A2 GroupA,2025/2026,Gruppo Formula 3 Messina,Akademia Messina,1,Andrea Tisma,Palleggiatrice,SRB,188,2003,,,
A2 GroupA,2025/2026,Gruppo Formula 3 Messina,Akademia Messina,2,Emma Rizzieri,Palleggiatrice,ITA,176,2002,,,
A2 GroupA,2025/2026,Gruppo Formula 3 Messina,Akademia Messina,3,Aneta Zojzi,Schiacciatrice,ITA,186,2003,,,
A2 GroupA,2025/2026,Gruppo Formula 3 Messina,Akademia Messina,5,Valentina Colombo,Centrale,ITA,185,2003,,,
A2 GroupA,2025/2026,Gruppo Formula 3 Messina,Akademia Messina,6,Giulia Felappi,Schiacciatrice,ITA,181,2002,,,
A2 GroupA,2025/2026,Gruppo Formula 3 Messina,Akademia Messina,7,Martina Ferrara,Libero,ITA,168,1999,,,
A2 GroupA,2025/2026,Gruppo Formula 3 Messina,Akademia Messina,8,Chiara Landucci,Centrale,ITA,185,2002,,,
A2 GroupA,2025/2026,Gruppo Formula 3 Messina,Akademia Messina,9,Giulia Viscioni,Schiacciatrice,ITA,185,2004,,,
A2 GroupA,2025/2026,Gruppo Formula 3 Messina,Akademia Messina,13,Benedetta Campagnolo,Centrale,ITA,187,2003,,,
A2 GroupA,2025/2026,Gruppo Formula 3 Messina,Akademia Messina,14,Greta Kiss,Schiacciatrice,HUN,182,1998,,,
A2 GroupA,2025/2026,Gruppo Formula 3 Messina,Akademia Messina,16,Anamarija Galic,Opposto,AUT,200,2001,,,
A2 GroupA,2025/2026,Gruppo Formula 3 Messina,Akademia Messina,21,Cecilia Oggioni,Libero,ITA,179,1999,,,
A2 GroupA,2025/2026,Itas Trentino,Trentino Volley,1,Virginia Ristori Tomberli,Schiacciatrice,ITA,180,1999,,,
A2 GroupA,2025/2026,Itas Trentino,Trentino Volley,2,Francesca Cosi,Centrale,ITA,189,2000,,,
A2 GroupA,2025/2026,Itas Trentino,Trentino Volley,3,Beatrice Zeni,Libero,ITA,163,2008,,,
A2 GroupA,2025/2026,Itas Trentino,Trentino Volley,4,Giada Guerra,Palleggiatrice,ITA,168,2004,,,
A2 GroupA,2025/2026,Itas Trentino,Trentino Volley,5,Sofia Monza,Palleggiatrice,ITA,174,2002,,,
A2 GroupA,2025/2026,Itas Trentino,Trentino Volley,7,Emily Cheyenne Colombo,Schiacciatrice,ITA,178,2007,,,
A2 GroupA,2025/2026,Itas Trentino,Trentino Volley,8,Giulia Marconato,Centrale,ITA,190,2003,,,
A2 GroupA,2025/2026,Itas Trentino,Trentino Volley,9,Rebecca Laporta,Libero,ITA,165,2003,,,
A2 GroupA,2025/2026,Itas Trentino,Trentino Volley,10,Alice Pamio,Schiacciatrice,ITA,181,1998,,,
A2 GroupA,2025/2026,Itas Trentino,Trentino Volley,13,Dominika Giuliani,Schiacciatrice,ITA,192,2004,,,
A2 GroupA,2025/2026,Itas Trentino,Trentino Volley,15,Eleonora Muscetti,Palleggiatrice,ITA,180,2002,,,
A2 GroupA,2025/2026,Itas Trentino,Trentino Volley,16,Greta Iob,Centrale,ITA,189,2006,,,
A2 GroupA,2025/2026,Itas Trentino,Trentino Volley,17,Erica Andrich,Opposto,ITA,185,1998,,,
A2 GroupA,2025/2026,Itas Trentino,Trentino Volley,23,Irbe Lazda,Opposto,LAT,190,2001,,,
A2 GroupA,2025/2026,Marsala Volley,Marsala Volley,1,Beatrice Pozzoni,Schiacciatrice,ITA,186,1995,,,
A2 GroupA,2025/2026,Marsala Volley,Marsala Volley,2,Giulia Caserta,Centrale,ITA,185,1999,,,
A2 GroupA,2025/2026,Marsala Volley,Marsala Volley,3,Chiara alice Cecchini,Centrale,ITA,181,2003,,,
A2 GroupA,2025/2026,Marsala Volley,Marsala Volley,6,Jessica Kosonen,Schiacciatrice,FIN,174,1997,,,
A2 GroupA,2025/2026,Marsala Volley,Marsala Volley,7,Kata Torok,Schiacciatrice,HUN,182,1998,,,
A2 GroupA,2025/2026,Marsala Volley,Marsala Volley,8,Erin Grippo,Palleggiatrice,ITA,171,2002,,,
A2 GroupA,2025/2026,Marsala Volley,Marsala Volley,9,Florencia Ferraro,Palleggiatrice,ITA,170,2003,,,
A2 GroupA,2025/2026,Marsala Volley,Marsala Volley,10,Sofia Giuli',Libero,ITA,168,2008,,,
A2 GroupA,2025/2026,Marsala Volley,Marsala Volley,11,Barbara Varaldo,Opposto,ITA,0,1995,,,
A2 GroupA,2025/2026,Marsala Volley,Marsala Volley,13,Sara Tajè,Centrale,ITA,187,1998,,,
A2 GroupA,2025/2026,Marsala Volley,Marsala Volley,15,Amelie Vighetto,Opposto,ITA,193,2006,,,
A2 GroupA,2025/2026,Marsala Volley,Marsala Volley,23,Luna Cicola,Libero,ITA,170,2004,,,
A2 GroupA,2025/2026,Narconon Volley Melendugno,Narconon Volley Melendugno,2,Carola Colombino,Opposto,ITA,187,2005,,,
A2 GroupA,2025/2026,Narconon Volley Melendugno,Narconon Volley Melendugno,3,Maria Teresa Bassi,Schiacciatrice,ITA,188,2002,,,
A2 GroupA,2025/2026,Narconon Volley Melendugno,Narconon Volley Melendugno,4,Giorgia Avenia,Palleggiatrice,ITA,180,1994,,,
A2 GroupA,2025/2026,Narconon Volley Melendugno,Narconon Volley Melendugno,5,Emma Sturniolo,Palleggiatrice,ITA,175,2003,,,
A2 GroupA,2025/2026,Narconon Volley Melendugno,Narconon Volley Melendugno,7,Aurora Morandini,Libero,ITA,170,2000,,,
A2 GroupA,2025/2026,Narconon Volley Melendugno,Narconon Volley Melendugno,8,Lara Gianfico,Centrale,ITA,192,2002,,,
A2 GroupA,2025/2026,Narconon Volley Melendugno,Narconon Volley Melendugno,9,Jessica Joly,Schiacciatrice,ITA,180,2000,,,
A2 GroupA,2025/2026,Narconon Volley Melendugno,Narconon Volley Melendugno,10,Daniela Soledad Bulaich Simian,Schiacciatrice,ARG,178,1997,,,
A2 GroupA,2025/2026,Narconon Volley Melendugno,Narconon Volley Melendugno,12,Beatrice Perfetto,Schiacciatrice,ITA,182,2005,,,
A2 GroupA,2025/2026,Narconon Volley Melendugno,Narconon Volley Melendugno,14,Gaia Roserba,Libero,ITA,165,2008,,,
A2 GroupA,2025/2026,Narconon Volley Melendugno,Narconon Volley Melendugno,15,Ilaria Maruotti,Schiacciatrice,ITA,183,1994,,,
A2 GroupA,2025/2026,Narconon Volley Melendugno,Narconon Volley Melendugno,18,Maria Adelaide Babatunde,Centrale,ITA,188,1998,,,
A2 GroupA,2025/2026,Narconon Volley Melendugno,Narconon Volley Melendugno,23,Chiara Riparbelli,Centrale,ITA,188,1996,,,
A2 GroupA,2025/2026,SMI Roma Volley,Roma Volley Club,1,Nikoleta Perovic,Opposto,MNE,188,1994,,,
A2 GroupA,2025/2026,SMI Roma Volley,Roma Volley Club,3,Chiara Mason,Schiacciatrice,ITA,183,2000,,,
A2 GroupA,2025/2026,SMI Roma Volley,Roma Volley Club,5,Martina Cantoni,Palleggiatrice,ITA,185,2006,,,
A2 GroupA,2025/2026,SMI Roma Volley,Roma Volley Club,7,Claudia Consoli,Centrale,ITA,183,2002,,,
A2 GroupA,2025/2026,SMI Roma Volley,Roma Volley Club,8,Chiara Biesso,Centrale,ITA,184,2002,,,
A2 GroupA,2025/2026,SMI Roma Volley,Roma Volley Club,11,Federica Baratella,Libero,ITA,174,2006,,,
A2 GroupA,2025/2026,SMI Roma Volley,Roma Volley Club,13,Ludovica Guidi,Centrale,ITA,186,1992,,,
A2 GroupA,2025/2026,SMI Roma Volley,Roma Volley Club,14,Giorgia Zannoni,Libero,ITA,175,1998,,,
A2 GroupA,2025/2026,SMI Roma Volley,Roma Volley Club,15,Carola Sbano,Libero,ITA,165,2006,,,
A2 GroupA,2025/2026,SMI Roma Volley,Roma Volley Club,17,Teresa Maria Bosso,Schiacciatrice,ITA,180,2005,,,
A2 GroupA,2025/2026,SMI Roma Volley,Roma Volley Club,18,Carolina Pecorari,Schiacciatrice,ITA,184,2003,,,
A2 GroupA,2025/2026,SMI Roma Volley,Roma Volley Club,22,Gaia Guiducci,Palleggiatrice,ITA,178,2002,,,
A2 GroupA,2025/2026,SMI Roma Volley,Roma Volley Club,26,Romy Jatzko,Schiacciatrice,GER,187,2000,,,
A2 GroupA,2025/2026,èpiù Casalmaggiore,Casalmaggiore,2,Melissa Mattioli,Centrale,ITA,202,2006,,,
A2 GroupA,2025/2026,èpiù Casalmaggiore,Casalmaggiore,4,Chiara Costagli,Schiacciatrice,ITA,188,1998,,,
A2 GroupA,2025/2026,èpiù Casalmaggiore,Casalmaggiore,5,Sofia Nosella,Schiacciatrice,ITA,178,2006,,,
A2 GroupA,2025/2026,èpiù Casalmaggiore,Casalmaggiore,7,Martina Morandi,Libero,ITA,175,2002,,,
A2 GroupA,2025/2026,èpiù Casalmaggiore,Casalmaggiore,8,Valeria Vazquez gomez,Schiacciatrice,PUR,185,2001,,,
A2 GroupA,2025/2026,èpiù Casalmaggiore,Casalmaggiore,9,Giulia Neri,Palleggiatrice,ITA,187,2001,,,
A2 GroupA,2025/2026,èpiù Casalmaggiore,Casalmaggiore,10,Alice Stafoggia,Schiacciatrice,ITA,184,2002,,,
A2 GroupA,2025/2026,èpiù Casalmaggiore,Casalmaggiore,11,Beta Dumancic,Centrale,CRO,189,1991,,,
A2 GroupA,2025/2026,èpiù Casalmaggiore,Casalmaggiore,12,Melissa Marku,Centrale,ITA,190,2004,,,
A2 GroupA,2025/2026,èpiù Casalmaggiore,Casalmaggiore,13,Laura Pasquino,Palleggiatrice,ITA,181,2002,,,
A2 GroupA,2025/2026,èpiù Casalmaggiore,Casalmaggiore,15,Giorgia Faraone,Libero,ITA,168,1994,,,
A2 GroupA,2025/2026,èpiù Casalmaggiore,Casalmaggiore,17,Alexandra Ravarini,Opposto,ITA,184,2005,,,
A2 GroupA,2025/2026,èpiù Casalmaggiore,Casalmaggiore,18,Betsy Amarachukwu Nwokoye,Centrale,ITA,202,2005,,,
A2 GroupA,2025/2026,èpiù Casalmaggiore,Casalmaggiore,22,Rachele Rastelli,Opposto,ITA,192,1999,,,
A2 GroupA,2025/2026,èpiù Casalmaggiore,Casalmaggiore,88,Kovalcikova Linda,Schiacciatrice,SVK,180,2008,,,
A2 GroupB,2025/2026,Cda Volley Talmassons Fvg,Volley Talmassons,1,Karin Barbazeni,Centrale,ITA,195,1999,,,
A2 GroupB,2025/2026,Cda Volley Talmassons Fvg,Volley Talmassons,2,Sofia Cusma,Opposto,ITA,187,2004,,,
A2 GroupB,2025/2026,Cda Volley Talmassons Fvg,Volley Talmassons,3,Rebecca Feruglio,Palleggiatrice,ITA,178,2006,,,
A2 GroupB,2025/2026,Cda Volley Talmassons Fvg,Volley Talmassons,4,Alice Viola,Schiacciatrice,ITA,178,2006,,,
A2 GroupB,2025/2026,Cda Volley Talmassons Fvg,Volley Talmassons,6,Alessandra Mistretta,Libero,ITA,165,2002,,,
A2 GroupB,2025/2026,Cda Volley Talmassons Fvg,Volley Talmassons,9,Silvia Lotti,Schiacciatrice,ITA,185,1992,,,
A2 GroupB,2025/2026,Cda Volley Talmassons Fvg,Volley Talmassons,10,Islam Gannar,Centrale,ITA,189,2004,,,
A2 GroupB,2025/2026,Cda Volley Talmassons Fvg,Volley Talmassons,11,Aurora Rossetto,Schiacciatrice,ITA,188,1997,,,
A2 GroupB,2025/2026,Cda Volley Talmassons Fvg,Volley Talmassons,12,Beatrice Molinaro,Centrale,ITA,190,1995,,,
A2 GroupB,2025/2026,Cda Volley Talmassons Fvg,Volley Talmassons,13,Efrosyni Bakodimou,Schiacciatrice,GRE,181,2000,,,
A2 GroupB,2025/2026,Cda Volley Talmassons Fvg,Volley Talmassons,14,Giorgia Frosini,Opposto,ITA,189,2002,,,
A2 GroupB,2025/2026,Cda Volley Talmassons Fvg,Volley Talmassons,20,Francesca Scola,Palleggiatrice,ITA,183,2001,,,
A2 GroupB,2025/2026,Cda Volley Talmassons Fvg,Volley Talmassons,21,Aurora Cassan,Libero,ITA,160,2006,,,
A2 GroupB,2025/2026,Clai Imola Volley,Imola Csi,2,Puck Hoogers,Schiacciatrice,NED,179,2003,,,
A2 GroupB,2025/2026,Clai Imola Volley,Imola Csi,4,Sofia Schena,Opposto,ITA,181,2007,,,
A2 GroupB,2025/2026,Clai Imola Volley,Imola Csi,5,Sofia Cavalli,Palleggiatrice,ITA,172,1998,,,
A2 GroupB,2025/2026,Clai Imola Volley,Imola Csi,6,Chiara Salvatori,Centrale,ITA,185,2003,,,
A2 GroupB,2025/2026,Clai Imola Volley,Imola Csi,7,Gaia Novello,Schiacciatrice,ITA,188,2007,,,
A2 GroupB,2025/2026,Clai Imola Volley,Imola Csi,8,Valentina Vecchi,Schiacciatrice,ITA,181,2005,,,
A2 GroupB,2025/2026,Clai Imola Volley,Imola Csi,9,Polina Malik,Opposto,ISR,186,1998,,,
A2 GroupB,2025/2026,Clai Imola Volley,Imola Csi,10,Arianna Gambini,Libero,ITA,176,2005,,,
A2 GroupB,2025/2026,Clai Imola Volley,Imola Csi,11,Giuditta Romano,Centrale,ITA,187,2003,,,
A2 GroupB,2025/2026,Clai Imola Volley,Imola Csi,15,Giulia Osana,Libero,ITA,166,2005,,,
A2 GroupB,2025/2026,Clai Imola Volley,Imola Csi,17,Elena Foresi,Palleggiatrice,ITA,181,2000,,,
A2 GroupB,2025/2026,Clai Imola Volley,Imola Csi,18,Katarina Bulovic,Schiacciatrice,ITA,188,2002,,,
A2 GroupB,2025/2026,Clai Imola Volley,Imola Csi,23,Federica Busolini,Centrale,ITA,186,1999,,,
A2 GroupB,2025/2026,Futura Giovani Busto Arsizio,Futura Giovani Busto Arsizio,1,Veronica Taborelli,Opposto,ITA,183,1994,,,
A2 GroupB,2025/2026,Futura Giovani Busto Arsizio,Futura Giovani Busto Arsizio,2,Bianca Orlandi,Schiacciatrice,ITA,180,2003,,,
A2 GroupB,2025/2026,Futura Giovani Busto Arsizio,Futura Giovani Busto Arsizio,3,Alessandra Talarico,Centrale,ITA,187,2007,,,
A2 GroupB,2025/2026,Futura Giovani Busto Arsizio,Futura Giovani Busto Arsizio,4,Marika Longobardi,Schiacciatrice,ITA,180,1998,,,
A2 GroupB,2025/2026,Futura Giovani Busto Arsizio,Futura Giovani Busto Arsizio,5,Alyssa Enneking,Schiacciatrice,USA,184,1997,,,
A2 GroupB,2025/2026,Futura Giovani Busto Arsizio,Futura Giovani Busto Arsizio,6,Sofia Alberti,Palleggiatrice,ITA,176,2003,,,
A2 GroupB,2025/2026,Futura Giovani Busto Arsizio,Futura Giovani Busto Arsizio,7,Sophie Andrea Blasi,Libero,ITA,177,2002,,,
A2 GroupB,2025/2026,Futura Giovani Busto Arsizio,Futura Giovani Busto Arsizio,8,Arita Ternava,Schiacciatrice,FIN,183,2002,,,
A2 GroupB,2025/2026,Futura Giovani Busto Arsizio,Futura Giovani Busto Arsizio,9,Helena Sassolini,Palleggiatrice,ITA,179,2005,,,
A2 GroupB,2025/2026,Futura Giovani Busto Arsizio,Futura Giovani Busto Arsizio,10,Alice Farina,Centrale,ITA,189,2000,,,
A2 GroupB,2025/2026,Futura Giovani Busto Arsizio,Futura Giovani Busto Arsizio,12,Gaia Moroni,Opposto,ITA,188,2005,,,
A2 GroupB,2025/2026,Futura Giovani Busto Arsizio,Futura Giovani Busto Arsizio,13,Elena Aina,Libero,ITA,169,2007,,,
A2 GroupB,2025/2026,Futura Giovani Busto Arsizio,Futura Giovani Busto Arsizio,14,Anja Nella,Schiacciatrice,ITA,185,2006,,,
A2 GroupB,2025/2026,Futura Giovani Busto Arsizio,Futura Giovani Busto Arsizio,15,Sofia Rebora,Centrale,ITA,179,1993,,,
A2 GroupB,2025/2026,Futura Giovani Busto Arsizio,Futura Giovani Busto Arsizio,20,Silvia Sormani,Libero,ITA,167,2003,,,
A2 GroupB,2025/2026,Nuvolì Altafratte Padova,Alta Fratte Volley Padova,1,Laura Bovo,Centrale,ITA,192,1996,,,
A2 GroupB,2025/2026,Nuvolì Altafratte Padova,Alta Fratte Volley Padova,2,Silvia Romanin,Palleggiatrice,ITA,192,2003,,,
A2 GroupB,2025/2026,Nuvolì Altafratte Padova,Alta Fratte Volley Padova,3,Cristina Fiorio,Schiacciatrice,ITA,180,1997,,,
A2 GroupB,2025/2026,Nuvolì Altafratte Padova,Alta Fratte Volley Padova,4,Giulia Bozzoli,Opposto,ITA,187,2004,,,
A2 GroupB,2025/2026,Nuvolì Altafratte Padova,Alta Fratte Volley Padova,5,Celeste Sposetti Perissinotto,Libero,ITA,172,2005,,,
A2 GroupB,2025/2026,Nuvolì Altafratte Padova,Alta Fratte Volley Padova,8,Marianna Maggipinto,Libero,ITA,164,1996,,,
A2 GroupB,2025/2026,Nuvolì Altafratte Padova,Alta Fratte Volley Padova,9,Greta Catania,Centrale,ITA,188,2004,,,
A2 GroupB,2025/2026,Nuvolì Altafratte Padova,Alta Fratte Volley Padova,10,Sara Pedrolli,Centrale,ITA,187,2007,,,
A2 GroupB,2025/2026,Nuvolì Altafratte Padova,Alta Fratte Volley Padova,11,Marie Hanle,Opposto,GER,188,2002,,,
A2 GroupB,2025/2026,Nuvolì Altafratte Padova,Alta Fratte Volley Padova,12,Lisa Esposito,Schiacciatrice,ITA,187,2005,,,
A2 GroupB,2025/2026,Nuvolì Altafratte Padova,Alta Fratte Volley Padova,14,Sofia Moroni,Schiacciatrice,ITA,185,2007,,,
A2 GroupB,2025/2026,Nuvolì Altafratte Padova,Alta Fratte Volley Padova,15,Erika Esposito,Schiacciatrice,ITA,185,2006,,,
A2 GroupB,2025/2026,Nuvolì Altafratte Padova,Alta Fratte Volley Padova,16,Martina Stocco,Palleggiatrice,ITA,190,2000,,,
A2 GroupB,2025/2026,Nuvolì Altafratte Padova,Alta Fratte Volley Padova,18,Giorgia Mazzon,Opposto,ITA,185,1998,,,
A2 GroupB,2025/2026,Olio Pantaleo Volley Fasano,Il Podio Fasano,1,Marta Gazzerro,Libero,ITA,170,2005,,,
A2 GroupB,2025/2026,Olio Pantaleo Volley Fasano,Il Podio Fasano,2,Claudia Provaroni,Schiacciatrice,ITA,181,1998,,,
A2 GroupB,2025/2026,Olio Pantaleo Volley Fasano,Il Podio Fasano,3,Aurora Del Freo,Schiacciatrice,ITA,186,2006,,,
A2 GroupB,2025/2026,Olio Pantaleo Volley Fasano,Il Podio Fasano,5,Candela Sol Salinas,Schiacciatrice,ARG,183,2000,,,
A2 GroupB,2025/2026,Olio Pantaleo Volley Fasano,Il Podio Fasano,7,Maria Sofia Negro,Palleggiatrice,ITA,184,2000,,,
A2 GroupB,2025/2026,Olio Pantaleo Volley Fasano,Il Podio Fasano,8,Amelie joyce Pixner,Centrale,ITA,188,2006,,,
A2 GroupB,2025/2026,Olio Pantaleo Volley Fasano,Il Podio Fasano,9,Margherita Muzi,Palleggiatrice,ITA,182,1994,,,
A2 GroupB,2025/2026,Olio Pantaleo Volley Fasano,Il Podio Fasano,10,Federica Piacentini,Centrale,ITA,193,2001,,,
A2 GroupB,2025/2026,Olio Pantaleo Volley Fasano,Il Podio Fasano,11,Chiara Vinciguerra,Centrale,ITA,185,1997,,,
A2 GroupB,2025/2026,Olio Pantaleo Volley Fasano,Il Podio Fasano,12,Piia Korhonen,Opposto,FIN,187,1997,,,
A2 GroupB,2025/2026,Olio Pantaleo Volley Fasano,Il Podio Fasano,15,Ilaria Maiorano,Schiacciatrice,ITA,178,2004,,,
A2 GroupB,2025/2026,Olio Pantaleo Volley Fasano,Il Podio Fasano,16,Adelaide Soleti,Schiacciatrice,ITA,183,1997,,,
A2 GroupB,2025/2026,Olio Pantaleo Volley Fasano,Il Podio Fasano,17,Laura Franceschini,Centrale,ITA,190,2006,,,
A2 GroupB,2025/2026,Olio Pantaleo Volley Fasano,Il Podio Fasano,18,Federica Vittorio,Libero,ITA,164,1991,,,
A2 GroupB,2025/2026,Panbiscò Leonessa Altamura,Leonessa Volley Altamura,1,Tai Masyn Bierria,Schiacciatrice,USA,186,1997,,,
A2 GroupB,2025/2026,Panbiscò Leonessa Altamura,Leonessa Volley Altamura,2,Giulia Biagini,Libero,ITA,165,2000,,,
A2 GroupB,2025/2026,Panbiscò Leonessa Altamura,Leonessa Volley Altamura,3,Francesca matilde Evola,Centrale,ITA,186,2005,,,
A2 GroupB,2025/2026,Panbiscò Leonessa Altamura,Leonessa Volley Altamura,6,Michelle Ungaro,Schiacciatrice,ITA,180,2005,,,
A2 GroupB,2025/2026,Panbiscò Leonessa Altamura,Leonessa Volley Altamura,7,Palma Monitillo,Schiacciatrice,ITA,177,1987,,,
A2 GroupB,2025/2026,Panbiscò Leonessa Altamura,Leonessa Volley Altamura,8,Monika Krasteva,Opposto,BUL,183,1999,,,
A2 GroupB,2025/2026,Panbiscò Leonessa Altamura,Leonessa Volley Altamura,9,Noemi D'Onofrio,Libero,ITA,162,2003,,,
A2 GroupB,2025/2026,Panbiscò Leonessa Altamura,Leonessa Volley Altamura,10,Alessia Pulliero,Centrale,ITA,185,2004,,,
A2 GroupB,2025/2026,Panbiscò Leonessa Altamura,Leonessa Volley Altamura,11,Gaia Riva,Schiacciatrice,ITA,178,2000,,,
A2 GroupB,2025/2026,Panbiscò Leonessa Altamura,Leonessa Volley Altamura,12,Alessia Arciprete,Schiacciatrice,ITA,181,1997,,,
A2 GroupB,2025/2026,Panbiscò Leonessa Altamura,Leonessa Volley Altamura,13,Paola Nuzzi,Centrale,ITA,180,1997,,,
A2 GroupB,2025/2026,Panbiscò Leonessa Altamura,Leonessa Volley Altamura,14,Valeria Caracuta,Palleggiatrice,ITA,173,1987,,,
A2 GroupB,2025/2026,Panbiscò Leonessa Altamura,Leonessa Volley Altamura,16,Valentina Soriani,Centrale,ITA,181,1989,,,
A2 GroupB,2025/2026,Panbiscò Leonessa Altamura,Leonessa Volley Altamura,17,Roberta Chiesa,Schiacciatrice,ITA,174,1996,,,
A2 GroupB,2025/2026,Panbiscò Leonessa Altamura,Leonessa Volley Altamura,19,Ester Serafini,Palleggiatrice,ITA,178,2001,,,
A2 GroupB,2025/2026,Tenaglia Abruzzo Altino Volley,Tenaglia Altino Volley,1,Alessia Fini,Libero,ITA,170,2004,,,
A2 GroupB,2025/2026,Tenaglia Abruzzo Altino Volley,Tenaglia Altino Volley,2,Maia Carlotta Monaco,Centrale,ITA,186,2006,,,
A2 GroupB,2025/2026,Tenaglia Abruzzo Altino Volley,Tenaglia Altino Volley,3,Giulia Polesello,Centrale,ITA,185,2004,,,
A2 GroupB,2025/2026,Tenaglia Abruzzo Altino Volley,Tenaglia Altino Volley,5,Julia Murmann,Schiacciatrice,CAN,180,2002,,,
A2 GroupB,2025/2026,Tenaglia Abruzzo Altino Volley,Tenaglia Altino Volley,6,Dalila Marchesini,Centrale,ITA,185,2006,,,
A2 GroupB,2025/2026,Tenaglia Abruzzo Altino Volley,Tenaglia Altino Volley,7,Melissa Tesi,Libero,ITA,170,2002,,,
A2 GroupB,2025/2026,Tenaglia Abruzzo Altino Volley,Tenaglia Altino Volley,9,Viola Passaro,Palleggiatrice,ITA,182,2004,,,
A2 GroupB,2025/2026,Tenaglia Abruzzo Altino Volley,Tenaglia Altino Volley,10,Sofia Gazzola,Libero,ITA,157,2006,,,
A2 GroupB,2025/2026,Tenaglia Abruzzo Altino Volley,Tenaglia Altino Volley,11,Adji Astou Ndoye,Schiacciatrice,ITA,180,2006,,,
A2 GroupB,2025/2026,Tenaglia Abruzzo Altino Volley,Tenaglia Altino Volley,12,Alice Trampus,Schiacciatrice,ITA,193,2004,,,
A2 GroupB,2025/2026,Tenaglia Abruzzo Altino Volley,Tenaglia Altino Volley,13,Gaia Farelli,Schiacciatrice,ITA,186,2006,,,
A2 GroupB,2025/2026,Tenaglia Abruzzo Altino Volley,Tenaglia Altino Volley,14,Victoria Sassolini,Schiacciatrice,ITA,180,2005,,,
A2 GroupB,2025/2026,Tenaglia Abruzzo Altino Volley,Tenaglia Altino Volley,15,Anita Bagnoli,Palleggiatrice,ITA,175,2004,,,
A2 GroupB,2025/2026,Tenaglia Abruzzo Altino Volley,Tenaglia Altino Volley,17,Fatim Yassimina Kone,Centrale,ITA,182,2000,,,
A2 GroupB,2025/2026,Tenaglia Abruzzo Altino Volley,Tenaglia Altino Volley,25,Viktoryia Siakretava,Opposto,BLR,185,1997,,,
A2 GroupB,2025/2026,Trasporti Bressan Offanengo,Volley Offanengo,1,Eva Ravazzolo,Centrale,ITA,178,1999,,,
A2 GroupB,2025/2026,Trasporti Bressan Offanengo,Volley Offanengo,2,Angela Coba,Palleggiatrice,ITA,180,2006,,,
A2 GroupB,2025/2026,Trasporti Bressan Offanengo,Volley Offanengo,3,Giada Di Mario,Libero,ITA,180,2004,,,
A2 GroupB,2025/2026,Trasporti Bressan Offanengo,Volley Offanengo,7,Giorgia Compagnin,Palleggiatrice,ITA,180,2005,,,
A2 GroupB,2025/2026,Trasporti Bressan Offanengo,Volley Offanengo,8,Alice Turco,Palleggiatrice,ITA,178,2000,,,
A2 GroupB,2025/2026,Trasporti Bressan Offanengo,Volley Offanengo,9,Margherita Meoni,Opposto,ITA,184,2005,,,
A2 GroupB,2025/2026,Trasporti Bressan Offanengo,Volley Offanengo,10,Sara Bellia,Schiacciatrice,ITA,188,2004,,,
A2 GroupB,2025/2026,Trasporti Bressan Offanengo,Volley Offanengo,11,Silene Martinelli,Centrale,ITA,185,2006,,,
A2 GroupB,2025/2026,Trasporti Bressan Offanengo,Volley Offanengo,12,Giulia Resmini,Schiacciatrice,ITA,178,2005,,,
A2 GroupB,2025/2026,Trasporti Bressan Offanengo,Volley Offanengo,15,Giorgia Tommasini,Libero,ITA,158,2006,,,
A2 GroupB,2025/2026,Trasporti Bressan Offanengo,Volley Offanengo,17,Anna Caneva,Centrale,ITA,187,1992,,,
A2 GroupB,2025/2026,Trasporti Bressan Offanengo,Volley Offanengo,18,Rachele Nardelli,Schiacciatrice,ITA,186,2001,,,
A2 GroupB,2025/2026,Trasporti Bressan Offanengo,Volley Offanengo,21,Valentina Zago,Opposto,ITA,187,1990,,,
A2 GroupB,2025/2026,Valsabbina Millenium Brescia,Millenium Brescia,2,Arianna Vittorini,Schiacciatrice,ITA,181,2002,,,
A2 GroupB,2025/2026,Valsabbina Millenium Brescia,Millenium Brescia,3,Rossella Olivotto,Centrale,ITA,189,1991,,,
A2 GroupB,2025/2026,Valsabbina Millenium Brescia,Millenium Brescia,4,Dalila Modestino,Centrale,ITA,185,1998,,,
A2 GroupB,2025/2026,Valsabbina Millenium Brescia,Millenium Brescia,5,Francesca Michieletto,Schiacciatrice,ITA,184,1997,,,
A2 GroupB,2025/2026,Valsabbina Millenium Brescia,Millenium Brescia,7,Lea Andrea Orlandi,Centrale,ITA,182,2006,,,
A2 GroupB,2025/2026,Valsabbina Millenium Brescia,Millenium Brescia,8,Caterina Schillkowski,Palleggiatrice,ITA,184,2007,,,
A2 GroupB,2025/2026,Valsabbina Millenium Brescia,Millenium Brescia,10,Beatrice Parrocchiale,Libero,ITA,167,1995,,,
A2 GroupB,2025/2026,Valsabbina Millenium Brescia,Millenium Brescia,11,Vittoria Prandi,Palleggiatrice,ITA,180,1994,,,
A2 GroupB,2025/2026,Valsabbina Millenium Brescia,Millenium Brescia,12,Katrina Struka,Opposto,LAT,187,2007,,,
A2 GroupB,2025/2026,Valsabbina Millenium Brescia,Millenium Brescia,13,Elena Arici,Libero,ITA,170,2007,,,
A2 GroupB,2025/2026,Valsabbina Millenium Brescia,Millenium Brescia,16,Giorgia Amoruso,Schiacciatrice,ITA,185,2006,,,
A2 GroupB,2025/2026,Valsabbina Millenium Brescia,Millenium Brescia,18,Julia Kavalenka,Opposto,POR,191,1999,,,
A2 GroupB,2025/2026,Volley Modena,Modena,1,Lia Righi,Libero,ITA,165,2006,,,
A2 GroupB,2025/2026,Volley Modena,Modena,3,Mariia Kaplanska,Schiacciatrice,UKR,182,2003,,,
A2 GroupB,2025/2026,Volley Modena,Modena,4,Benedetta Credi,Centrale,ITA,189,2000,,,
A2 GroupB,2025/2026,Volley Modena,Modena,6,Arianna Visentin,Schiacciatrice,ITA,180,2006,,,
A2 GroupB,2025/2026,Volley Modena,Modena,7,Sara Dodi,Schiacciatrice,ITA,180,2007,,,
A2 GroupB,2025/2026,Volley Modena,Modena,8,Lisa Sazzi,Palleggiatrice,ITA,167,2000,,,
A2 GroupB,2025/2026,Volley Modena,Modena,9,Brunella Fusco,Schiacciatrice,ITA,179,2007,,,
A2 GroupB,2025/2026,Volley Modena,Modena,10,Elisa Lancellotti,Palleggiatrice,ITA,173,1991,,,
A2 GroupB,2025/2026,Volley Modena,Modena,11,Federica Nonnati,Opposto,ITA,185,1999,,,
A2 GroupB,2025/2026,Volley Modena,Modena,13,Elitsa Kostadinova Barakova,Opposto,BUL,cm,1997,,,
A2 GroupB,2025/2026,Volley Modena,Modena,16,Camilla Gerosa,Centrale,ITA,180,2001,,,
A2 GroupB,2025/2026,Volley Modena,Modena,17,Bibiana Guzin,Centrale,ITA,184,2004,,,
A2 GroupB,2025/2026,Volley Modena,Modena,18,Ludovica Zironi,Libero,ITA,175,2006,,,
